adattipus:3;11;88;63;71;71;66;56;72;71;71;63;56;50;45;39;31;24;19;18;0;0;7;35;38;29;35;36;35;45;35;39;31;17;22;15;4;12;4;0;3;19;22;30;30;48;51;54;62;70;55;76;94;64;63;68;68;60;53;52;43;31;35;23;0;0;30;28;44;48;55;51;56;59;51;49;46;48;45;36;30;31;14;0;3;12;31;38;56;71;100;113;108;94;95;92;84;95;95;98;92;97;79;71;88;65;39;25;12;12;20;33;46;47;60;56;60;36;44;50;39;39;28;31;25;9;2;3;1;12;12;0;14;15;7;9;14;20;23;21;24;22;22;28;24;19;24;28;23;15;17;16;18;15;17;19;22;24;19;7;25;30;19;36;38;39;39;24;23;15;17;18;15;6;15;28;16;24;24;22;24;18;28;17;24;17;25;15;12;24;20;22;18;19;20;19;19;28;22;18;33;30;17;15;15;19;12;17;20;15;18;25;18;14;31;24;19;8;14;15;15;15;12;12;14;15;7;15;30;20;24;20;22;17;18;24;17;12;15;24;0;1;30;17;15;20;24;22;15;19;19;14;25;22;6;31;0;
adattipus:9;0;0;68;0;0;0;0;0;0;0;0;0;0;0;0;0;0;0;0;0;0;0;0;0;0;0;0;0;0;0;0;0;0;0;0;0;0;0;0;0;0;0;0;0;0;0;0;0;0;0;0;0;0;0;0;0;0;0;0;0;0;0;0;0;0;0;0;0;0;0;0;0;0;0;0;0;0;0;0;0;0;0;0;0;0;0;0;0;0;0;0;0;0;0;0;0;0;0;0;0;0;0;0;0;0;0;0;0;0;0;0;0;0;0;0;0;0;0;0;0;0;0;0;0;0;0;0;0;0;0;0;0;0;0;0;0;0;0;0;0;0;0;0;0;0;0;0;0;0;0;0;0;0;0;0;0;0;0;0;0;0;0;0;0;0;0;0;0;0;0;0;0;0;0;0;0;0;0;0;0;0;0;0;0;0;0;0;0;0;0;0;0;0;0;0;0;0;0;0;0;0;0;0;0;0;0;0;0;0;0;0;0;0;0;0;0;0;0;0;0;0;0;0;0;0;0;0;0;0;0;0;0;0;0;0;0;0;0;0;0;0;0;0;0;0;0;0;0;0;0;0;0;0;0;0;0;
adattipus:3;700;856;850;819;771;710;632;559;456;337;204;103;13;139;263;374;484;571;647;729;787;851;866;873;865;839;796;735;662;563;456;350;260;137;4;0;0;0;0;0;0;0;10;22;22;0;0;0;12;15;0;0;0;0;6;9;0;0;0;0;0;0;0;0;0;2;12;24;0;0;0;0;0;0;0;0;0;15;22;7;0;14;9;9;9;0;127;252;361;480;568;654;729;784;824;850;867;870;839;801;711;650;563;465;359;243;120;0;92;220;361;455;558;647;724;787;835;864;871;860;836;809;768;676;591;499;394;282;163;38;70;209;331;436;513;616;700;764;812;844;856;856;846;817;766;668;601;505;406;291;172;49;57;179;289;403;532;608;696;760;812;851;871;875;856;817;760;707;639;536;428;319;199;79;39;159;281;399;515;591;668;748;799;841;860;864;849;816;777;728;643;542;443;334;218;96;15;140;259;368;464;566;673;743;793;838;864;873;867;839;796;723;644;568;492;374;252;129;11;105;228;344;455;556;647;721;782;824;849;861;860;851;812;739;662;575;480;376;263;142;19;88;199;319;450;563;636;712;775;824;856;871;867;839;792;0;
adattipus:9;0;0;0;0;0;0;0;0;0;0;0;0;0;0;0;0;0;0;0;0;0;0;0;0;0;0;0;0;0;0;0;0;0;0;0;0;0;0;0;0;0;0;0;0;0;0;0;0;0;0;0;0;0;0;0;0;0;0;0;0;0;0;0;0;0;0;0;0;0;0;0;0;0;0;0;0;0;0;0;0;0;0;0;0;0;0;0;0;0;0;0;0;0;0;0;0;0;0;0;0;0;0;0;0;0;0;0;0;0;0;0;0;0;0;0;0;0;0;0;0;0;0;0;0;0;0;0;0;0;0;0;0;0;0;0;0;0;0;0;0;0;0;0;0;0;0;0;0;0;0;0;0;0;0;0;0;0;0;0;0;0;0;0;0;0;0;0;0;0;0;0;0;0;0;0;0;0;0;0;0;0;0;0;0;0;0;0;0;0;0;0;0;0;0;0;0;0;0;0;0;0;0;0;0;0;0;0;0;0;0;0;0;0;0;0;0;0;0;0;0;0;0;0;0;0;0;0;0;0;0;0;0;0;0;0;0;0;0;0;0;0;0;0;0;0;0;0;0;0;0;0;0;0;0;0;0;
adattipus:3;0;787;740;665;577;480;374;240;127;24;103;224;345;454;556;643;716;775;830;870;880;856;833;792;739;670;583;487;380;266;161;41;92;211;326;436;540;632;711;777;825;841;856;860;860;817;753;684;603;510;401;290;172;35;92;214;312;412;528;622;702;768;812;854;864;879;864;824;751;696;620;528;425;312;198;71;20;142;276;414;499;593;682;745;804;839;866;864;844;814;793;734;646;553;449;342;224;110;0;0;27;39;1;0;0;0;0;0;10;15;0;0;0;0;0;0;0;0;0;7;24;35;0;6;8;9;0;0;0;0;0;7;14;0;0;0;0;0;0;0;3;0;12;19;14;2;0;0;1;1;3;0;0;1;28;31;15;0;0;0;0;0;0;0;0;0;7;17;0;0;0;0;0;0;0;0;0;19;22;19;0;0;0;0;1;0;0;1;26;44;24;0;12;0;0;0;0;0;0;0;7;15;0;0;0;0;0;0;0;0;0;0;22;24;0;0;0;0;0;0;3;15;17;0;28;3;3;0;1;0;0;0;10;24;0;0;0;0;0;12;3;0;3;22;19;7;0;0;0;0;0;0;0;0;0;0;
adattipus:9;0;0;775;0;0;0;0;0;0;0;0;0;0;0;0;0;0;0;0;0;0;0;0;0;0;0;0;0;0;0;0;0;0;0;0;0;0;0;0;0;0;0;0;0;0;0;0;0;0;0;0;0;0;0;0;0;0;0;0;0;0;0;0;0;0;0;0;0;0;0;0;0;0;0;0;0;0;0;0;0;0;0;0;0;0;0;0;0;0;0;0;0;0;0;0;0;0;0;0;0;0;0;0;0;0;0;0;0;0;0;0;0;0;0;0;0;0;0;0;0;0;0;0;0;0;0;0;0;0;0;0;0;0;0;0;0;0;0;0;0;0;0;0;0;0;0;0;0;0;0;0;0;0;0;0;0;0;0;0;0;0;0;0;0;0;0;0;0;0;0;0;0;0;0;0;0;0;0;0;0;0;0;0;0;0;0;0;0;0;0;0;0;0;0;0;0;0;0;0;0;0;0;0;0;0;0;0;0;0;0;0;0;0;0;0;0;0;0;0;0;0;0;0;0;0;0;0;0;0;0;0;0;0;0;0;0;0;0;0;0;0;0;0;0;0;0;0;0;0;0;0;0;0;0;0;0;
adattipus:3;0;839;867;862;871;844;817;764;692;617;524;441;339;188;60;35;159;276;408;518;595;684;747;807;847;870;870;860;804;768;728;641;540;441;330;215;94;31;144;280;406;499;575;675;745;796;844;860;865;854;840;801;723;636;551;472;359;236;126;7;124;230;332;455;566;651;720;779;828;864;866;867;839;783;724;660;591;487;370;260;135;16;103;217;334;457;560;639;704;772;824;848;862;862;835;802;764;692;608;489;396;284;167;35;71;194;313;408;508;620;707;761;812;844;865;861;844;809;745;673;595;527;417;295;176;56;50;174;286;399;513;611;691;752;792;841;863;864;852;814;770;702;639;556;444;312;209;83;24;148;276;387;496;601;675;745;803;844;871;873;864;831;769;711;662;568;455;345;227;105;0;0;0;0;22;15;0;0;0;0;0;0;1;0;0;19;0;24;0;0;0;0;0;0;0;0;0;7;15;0;0;0;0;0;1;0;0;0;0;24;7;0;0;7;6;2;9;7;0;0;19;9;0;0;0;0;0;0;0;0;0;6;15;15;0;0;0;0;0;0;0;0;2;24;23;0;0;0;1;15;14;0;0;1;22;0;
adattipus:9;0;0;849;0;0;0;0;0;0;0;0;0;0;0;0;0;0;0;0;0;0;0;0;0;0;0;0;0;0;0;0;0;0;0;0;0;0;0;0;0;0;0;0;0;0;0;0;0;0;0;0;0;0;0;0;0;0;0;0;0;0;0;0;0;0;0;0;0;0;0;0;0;0;0;0;0;0;0;0;0;0;0;0;0;0;0;0;0;0;0;0;0;0;0;0;0;0;0;0;0;0;0;0;0;0;0;0;0;0;0;0;0;0;0;0;0;0;0;0;0;0;0;0;0;0;0;0;0;0;0;0;0;0;0;0;0;0;0;0;0;0;0;0;0;0;0;0;0;0;0;0;0;0;0;0;0;0;0;0;0;0;0;0;0;0;0;0;0;0;0;0;0;0;0;0;0;0;0;0;0;0;0;0;0;0;0;0;0;0;0;0;0;0;0;0;0;0;0;0;0;0;0;0;0;0;0;0;0;0;0;0;0;0;0;0;0;0;0;0;0;0;0;0;0;0;0;0;0;0;0;0;0;0;0;0;0;0;0;0;0;0;0;0;0;0;0;0;0;0;0;0;0;0;0;0;0;
adattipus:3;0;100;127;192;310;425;531;620;699;764;807;849;883;890;867;796;774;696;622;526;422;307;196;88;38;148;290;391;519;590;675;745;801;835;847;854;870;844;783;716;643;554;455;344;216;82;9;148;262;364;472;575;658;735;787;828;852;871;864;841;777;711;652;560;463;355;231;111;0;104;233;367;473;566;655;730;792;839;865;861;852;830;803;753;664;579;483;376;263;143;6;94;228;348;444;536;636;707;762;820;844;864;860;851;812;756;652;580;497;391;280;161;38;75;184;295;420;543;624;702;768;818;856;875;878;849;806;762;720;638;534;428;313;195;76;41;164;287;415;515;600;676;753;806;844;860;862;847;815;780;723;639;524;433;319;201;83;14;156;284;384;494;608;671;743;807;844;864;852;844;831;784;716;638;550;451;350;231;108;14;24;35;0;12;0;0;0;0;0;0;0;7;19;0;0;0;0;0;0;0;0;0;7;17;12;0;0;0;0;0;0;7;0;13;24;39;6;0;0;0;0;0;0;0;0;0;17;28;0;0;0;0;0;0;0;0;0;19;26;0;0;3;0;0;8;3;0;0;9;9;7;0;0;0;0;0;
adattipus:9;0;0;88;0;0;0;0;0;0;0;0;0;0;0;0;0;0;0;0;0;0;0;0;0;0;0;0;0;0;0;0;0;0;0;0;0;0;0;0;0;0;0;0;0;0;0;0;0;0;0;0;0;0;0;0;0;0;0;0;0;0;0;0;0;0;0;0;0;0;0;0;0;0;0;0;0;0;0;0;0;0;0;0;0;0;0;0;0;0;0;0;0;0;0;0;0;0;0;0;0;0;0;0;0;0;0;0;0;0;0;0;0;0;0;0;0;0;0;0;0;0;0;0;0;0;0;0;0;0;0;0;0;0;0;0;0;0;0;0;0;0;0;0;0;0;0;0;0;0;0;0;0;0;0;0;0;0;0;0;0;0;0;0;0;0;0;0;0;0;0;0;0;0;0;0;0;0;0;0;0;0;0;0;0;0;0;0;0;0;0;0;0;0;0;0;0;0;0;0;0;0;0;0;0;0;0;0;0;0;0;0;0;0;0;0;0;0;0;0;0;0;0;0;0;0;0;0;0;0;0;0;0;0;0;0;0;0;0;0;0;0;0;0;0;0;0;0;0;0;0;0;0;0;0;0;0;
adattipus:3;0;322;374;451;543;632;711;764;824;859;871;864;831;790;753;696;600;504;403;287;169;46;68;199;312;441;547;622;684;768;809;847;850;864;847;807;774;708;611;513;419;307;198;77;39;159;275;386;482;598;694;739;799;841;858;867;849;830;764;689;608;542;448;319;201;80;0;0;0;0;0;6;17;0;0;0;0;1;7;1;0;0;3;27;0;0;0;0;0;3;9;7;1;7;28;12;0;0;0;0;0;0;0;0;0;0;19;4;0;0;0;0;0;0;0;0;9;18;28;0;0;0;0;12;13;0;0;5;0;15;0;0;0;0;0;0;0;0;0;3;22;22;0;0;0;0;0;0;0;0;0;24;34;7;0;3;9;0;0;9;7;0;0;0;0;0;14;0;0;4;15;28;19;0;0;4;5;12;7;3;0;7;3;14;0;0;0;0;0;0;0;0;0;3;20;0;0;0;0;0;0;0;0;0;0;24;28;0;0;0;0;12;15;0;0;0;0;17;15;0;0;0;0;0;0;0;0;3;24;22;0;0;0;0;0;0;0;0;0;19;36;15;0;3;7;0;0;0;0;0;0;10;18;0;0;0;
adattipus:9;0;0;329;0;0;0;0;0;0;0;0;0;0;0;0;0;0;0;0;0;0;0;0;0;0;0;0;0;0;0;0;0;0;0;0;0;0;0;0;0;0;0;0;0;0;0;0;0;0;0;0;0;0;0;0;0;0;0;0;0;0;0;0;0;0;0;0;0;0;0;0;0;0;0;0;0;0;0;0;0;0;0;0;0;0;0;0;0;0;0;0;0;0;0;0;0;0;0;0;0;0;0;0;0;0;0;0;0;0;0;0;0;0;0;0;0;0;0;0;0;0;0;0;0;0;0;0;0;0;0;0;0;0;0;0;0;0;0;0;0;0;0;0;0;0;0;0;0;0;0;0;0;0;0;0;0;0;0;0;0;0;0;0;0;0;0;0;0;0;0;0;0;0;0;0;0;0;0;0;0;0;0;0;0;0;0;0;0;0;0;0;0;0;0;0;0;0;0;0;0;0;0;0;0;0;0;0;0;0;0;0;0;0;0;0;0;0;0;0;0;0;0;0;0;0;0;0;0;0;0;0;0;0;0;0;0;0;0;0;0;0;0;0;0;0;0;0;0;0;0;0;0;0;0;0;0;
adattipus:3;824;80;132;254;384;491;586;647;726;790;825;851;860;840;817;788;728;655;556;446;344;225;108;0;120;262;380;476;575;659;732;798;841;867;860;849;840;807;743;666;582;484;377;263;135;0;115;241;354;435;551;639;718;775;827;850;867;871;852;799;736;676;593;496;388;275;158;33;63;188;326;441;534;627;707;769;819;856;872;856;831;812;777;696;611;519;415;303;185;59;0;19;19;0;0;0;11;3;0;12;0;1;0;28;14;0;0;0;0;0;0;0;0;0;17;7;0;0;0;0;0;0;0;0;0;9;24;15;0;9;14;19;6;115;224;342;467;564;654;707;762;824;856;863;862;844;798;755;694;606;492;372;272;155;25;83;206;327;459;545;632;716;782;830;864;874;863;847;809;770;684;606;512;406;295;175;48;63;199;323;434;510;609;696;761;813;846;858;857;847;824;771;700;608;519;414;297;184;62;51;163;278;390;519;604;687;756;809;846;870;873;856;807;774;716;646;543;440;334;216;92;22;147;270;396;492;579;668;739;796;839;860;866;854;828;799;743;649;551;463;352;238;115;0;118;233;344;456;575;652;728;787;831;862;877;0;
adattipus:9;0;0;0;0;0;0;0;0;0;0;0;0;0;0;0;0;0;0;0;0;0;0;0;0;0;0;0;0;0;0;0;0;0;0;0;0;0;0;0;0;0;0;0;0;0;0;0;0;0;0;0;0;0;0;0;0;0;0;0;0;0;0;0;0;0;0;0;0;0;0;0;0;0;0;0;0;0;0;0;0;0;0;0;0;0;0;0;0;0;0;0;0;0;0;0;0;0;0;0;0;0;0;0;0;0;0;0;0;0;0;0;0;0;0;0;0;0;0;0;0;0;0;0;0;0;0;0;0;0;0;0;0;0;0;0;0;0;0;0;0;0;0;0;0;0;0;0;0;0;0;0;0;0;0;0;0;0;0;0;0;0;0;0;0;0;0;0;0;0;0;0;0;0;0;0;0;0;0;0;0;0;0;0;0;0;0;0;0;0;0;0;0;0;0;0;0;0;0;0;0;0;0;0;0;0;0;0;0;0;0;0;0;0;0;0;0;0;0;0;0;0;0;0;0;0;0;0;0;0;0;0;0;0;0;0;0;0;0;0;0;0;0;0;0;0;0;0;0;0;0;0;0;0;0;0;0;
adattipus:3;497;728;769;814;860;871;864;833;795;744;668;588;480;375;260;156;19;108;204;334;444;543;642;719;775;819;844;873;883;846;804;753;684;600;510;401;270;156;51;48;169;302;412;523;608;684;752;807;847;871;856;827;806;755;688;606;519;412;297;188;81;60;184;292;406;505;606;691;760;809;831;854;871;865;824;775;716;639;551;448;336;206;76;47;146;255;384;490;588;670;740;795;835;870;883;859;817;787;719;647;559;456;351;231;111;12;121;252;358;467;572;652;732;792;835;848;860;860;856;798;739;665;583;484;377;259;129;0;112;220;324;448;545;635;710;769;814;844;864;874;851;799;737;668;590;484;384;290;161;33;75;207;332;432;543;638;716;772;807;844;870;871;851;809;753;694;609;510;408;280;166;56;49;164;297;414;519;612;686;753;804;854;878;871;830;809;761;694;617;527;423;316;201;91;40;168;275;393;499;598;684;754;806;830;856;886;864;831;783;723;649;561;457;344;215;102;24;112;248;368;472;568;652;722;783;831;864;878;847;812;780;726;652;564;460;356;246;134;22;124;244;348;459;556;647;724;785;824;846;856;856;856;798;739;670;0;
adattipus:9;0;0;752;0;0;0;0;0;0;0;0;0;0;0;0;0;0;0;0;0;0;0;0;0;0;0;0;0;0;0;0;0;0;0;0;0;0;0;0;0;0;0;0;0;0;0;0;0;0;0;0;0;0;0;0;0;0;0;0;0;0;0;0;0;0;0;0;0;0;0;0;0;0;0;0;0;0;0;0;0;0;0;0;0;0;0;0;0;0;0;0;0;0;0;0;0;0;0;0;0;0;0;0;0;0;0;0;0;0;0;0;0;0;0;0;0;0;0;0;0;0;0;0;0;0;0;0;0;0;0;0;0;0;0;0;0;0;0;0;0;0;0;0;0;0;0;0;0;0;0;0;0;0;0;0;0;0;0;0;0;0;0;0;0;0;0;0;0;0;0;0;0;0;0;0;0;0;0;0;0;0;0;0;0;0;0;0;0;0;0;0;0;0;0;0;0;0;0;0;0;0;0;0;0;0;0;0;0;0;0;0;0;0;0;0;0;0;0;0;0;0;0;0;0;0;0;0;0;0;0;0;0;0;0;0;0;0;0;0;0;0;0;0;0;0;0;0;0;0;0;0;0;0;0;0;0;
adattipus:3;6;88;126;281;399;487;575;684;743;802;863;867;871;856;820;775;713;632;536;422;324;222;89;27;147;265;376;486;582;671;747;811;846;862;864;849;819;774;716;636;548;457;340;225;94;6;136;252;368;476;579;660;724;778;830;880;884;864;838;796;740;666;580;476;355;240;146;28;0;2;0;0;0;0;0;7;24;28;6;3;15;0;0;0;0;0;0;3;17;7;0;1;1;0;0;0;1;0;3;12;19;17;0;0;17;9;7;1;0;4;0;22;9;0;0;0;0;0;0;0;0;0;16;22;0;3;0;0;0;0;0;0;0;20;41;23;0;4;11;15;0;0;24;0;0;0;0;0;0;0;0;0;9;24;18;0;0;0;0;0;9;4;4;7;31;12;0;0;0;0;0;0;0;0;0;14;16;0;0;3;0;0;0;0;0;0;0;18;12;2;14;14;3;7;3;0;0;0;4;6;0;0;0;0;0;0;0;0;0;7;22;20;0;0;1;1;0;0;0;0;16;31;19;0;7;14;0;0;0;0;0;0;0;15;3;0;0;0;0;0;0;0;0;7;24;11;0;0;0;0;3;2;0;2;15;0;
adattipus:9;0;0;92;0;0;0;0;0;0;0;0;0;0;0;0;0;0;0;0;0;0;0;0;0;0;0;0;0;0;0;0;0;0;0;0;0;0;0;0;0;0;0;0;0;0;0;0;0;0;0;0;0;0;0;0;0;0;0;0;0;0;0;0;0;0;0;0;0;0;0;0;0;0;0;0;0;0;0;0;0;0;0;0;0;0;0;0;0;0;0;0;0;0;0;0;0;0;0;0;0;0;0;0;0;0;0;0;0;0;0;0;0;0;0;0;0;0;0;0;0;0;0;0;0;0;0;0;0;0;0;0;0;0;0;0;0;0;0;0;0;0;0;0;0;0;0;0;0;0;0;0;0;0;0;0;0;0;0;0;0;0;0;0;0;0;0;0;0;0;0;0;0;0;0;0;0;0;0;0;0;0;0;0;0;0;0;0;0;0;0;0;0;0;0;0;0;0;0;0;0;0;0;0;0;0;0;0;0;0;0;0;0;0;0;0;0;0;0;0;0;0;0;0;0;0;0;0;0;0;0;0;0;0;0;0;0;0;0;0;0;0;0;0;0;0;0;0;0;0;0;0;0;0;0;0;0;
adattipus:3;0;108;142;208;323;441;555;639;696;769;820;847;860;856;838;806;768;696;583;504;401;284;166;41;74;199;316;428;524;606;689;780;807;844;867;865;849;815;768;686;601;518;428;302;179;60;51;184;298;420;521;615;688;742;806;839;859;866;841;809;783;718;625;526;430;319;204;79;28;147;260;372;505;604;671;745;801;845;867;874;849;824;771;737;652;561;460;353;238;113;6;135;259;348;455;563;652;736;783;824;858;875;876;844;775;740;670;577;473;372;259;135;25;108;214;344;451;556;644;723;785;819;847;863;878;844;807;752;679;600;504;382;263;156;46;0;2;3;0;0;0;0;12;22;18;0;13;0;0;0;0;0;0;12;1;0;0;0;0;0;0;0;0;23;24;0;0;15;18;10;0;0;0;0;10;0;0;0;0;0;0;0;27;23;7;6;0;0;0;0;0;0;15;0;0;0;0;0;0;0;4;1;24;22;0;0;9;9;7;0;0;0;0;15;0;0;0;0;3;0;0;0;15;24;9;0;2;12;14;9;0;0;12;12;0;0;0;0;0;0;0;0;0;24;5;0;0;0;0;0;13;6;13;8;18;0;
adattipus:9;0;0;89;0;0;0;0;0;0;0;0;0;0;0;0;0;0;0;0;0;0;0;0;0;0;0;0;0;0;0;0;0;0;0;0;0;0;0;0;0;0;0;0;0;0;0;0;0;0;0;0;0;0;0;0;0;0;0;0;0;0;0;0;0;0;0;0;0;0;0;0;0;0;0;0;0;0;0;0;0;0;0;0;0;0;0;0;0;0;0;0;0;0;0;0;0;0;0;0;0;0;0;0;0;0;0;0;0;0;0;0;0;0;0;0;0;0;0;0;0;0;0;0;0;0;0;0;0;0;0;0;0;0;0;0;0;0;0;0;0;0;0;0;0;0;0;0;0;0;0;0;0;0;0;0;0;0;0;0;0;0;0;0;0;0;0;0;0;0;0;0;0;0;0;0;0;0;0;0;0;0;0;0;0;0;0;0;0;0;0;0;0;0;0;0;0;0;0;0;0;0;0;0;0;0;0;0;0;0;0;0;0;0;0;0;0;0;0;0;0;0;0;0;0;0;0;0;0;0;0;0;0;0;0;0;0;0;0;0;0;0;0;0;0;0;0;0;0;0;0;0;0;0;0;0;0;
adattipus:3;7;771;731;659;577;480;380;248;132;28;78;216;332;440;544;632;708;769;831;864;870;851;838;803;743;673;590;492;394;299;166;28;75;196;319;432;534;620;686;743;807;856;858;862;841;804;760;691;600;492;406;305;174;47;0;0;0;16;6;0;0;3;4;1;0;0;7;3;7;0;0;0;0;0;0;0;0;0;22;9;0;0;0;8;4;9;0;0;22;11;0;0;0;0;0;0;0;0;3;28;28;0;0;0;0;10;4;3;0;12;7;0;0;0;0;0;0;0;0;15;24;0;0;0;0;2;0;7;3;17;6;7;0;0;0;0;0;0;0;0;12;19;3;0;0;0;7;0;0;3;10;31;9;0;0;0;0;0;0;0;0;14;19;3;0;0;0;0;0;0;2;0;24;0;0;0;0;0;0;0;0;0;17;28;1;0;0;0;0;36;28;0;0;0;0;0;0;0;12;15;14;0;0;0;0;0;0;0;0;8;33;17;0;0;0;0;0;0;0;0;7;19;7;19;0;0;0;0;0;0;5;28;15;0;0;0;0;0;0;0;0;3;26;0;0;0;0;0;0;0;0;15;31;25;0;0;
adattipus:9;0;0;0;0;0;0;0;0;0;0;0;0;0;0;0;0;0;0;0;0;0;0;0;0;0;0;0;0;0;0;0;0;0;0;0;0;0;0;0;0;0;0;0;0;0;0;0;0;0;0;0;0;0;0;0;0;0;0;0;0;0;0;0;0;0;0;0;0;0;0;0;0;0;0;0;0;0;0;0;0;0;0;0;0;0;0;0;0;0;0;0;0;0;0;0;0;0;0;0;0;0;0;0;0;0;0;0;0;0;0;0;0;0;0;0;0;0;0;0;0;0;0;0;0;0;0;0;0;0;0;0;0;0;0;0;0;0;0;0;0;0;0;0;0;0;0;0;0;0;0;0;0;0;0;0;0;0;0;0;0;0;0;0;0;0;0;0;0;0;0;0;0;0;0;0;0;0;0;0;0;0;0;0;0;0;0;0;0;0;0;0;0;0;0;0;0;0;0;0;0;0;0;0;0;0;0;0;0;0;0;0;0;0;0;0;0;0;0;0;0;0;0;0;0;0;0;0;0;0;0;0;0;0;0;0;0;0;0;0;0;0;0;0;0;0;0;0;0;0;0;0;0;0;0;0;0;
adattipus:3;0;108;143;220;337;451;548;641;734;790;818;860;873;867;847;806;745;684;616;515;391;255;152;32;80;207;321;434;526;615;706;783;819;856;873;874;856;816;764;679;611;527;411;297;176;56;59;176;294;414;536;612;681;755;809;856;871;870;850;819;787;719;638;531;432;319;193;76;39;159;268;382;499;598;681;752;806;847;851;860;860;811;777;721;643;558;455;344;218;88;28;15;3;7;0;0;0;0;0;0;22;0;0;0;0;1;7;0;0;7;26;44;0;0;3;0;0;0;0;0;8;24;3;0;0;1;0;5;0;0;3;24;31;0;0;0;0;0;0;0;0;3;15;3;0;3;0;0;0;0;0;0;21;35;0;0;0;0;0;0;0;0;7;17;0;0;0;0;0;0;0;0;2;28;41;0;0;0;0;0;0;18;19;0;0;0;6;3;0;0;0;0;9;11;0;0;0;0;0;0;0;3;20;15;0;0;0;15;9;0;0;0;0;9;0;3;0;7;4;0;0;0;3;14;22;14;0;0;12;9;7;0;0;0;14;0;0;0;0;0;0;0;0;0;12;27;7;0;0;7;9;0;0;0;0;0;
adattipus:9;0;0;102;0;0;0;0;0;0;0;0;0;0;0;0;0;0;0;0;0;0;0;0;0;0;0;0;0;0;0;0;0;0;0;0;0;0;0;0;0;0;0;0;0;0;0;0;0;0;0;0;0;0;0;0;0;0;0;0;0;0;0;0;0;0;0;0;0;0;0;0;0;0;0;0;0;0;0;0;0;0;0;0;0;0;0;0;0;0;0;0;0;0;0;0;0;0;0;0;0;0;0;0;0;0;0;0;0;0;0;0;0;0;0;0;0;0;0;0;0;0;0;0;0;0;0;0;0;0;0;0;0;0;0;0;0;0;0;0;0;0;0;0;0;0;0;0;0;0;0;0;0;0;0;0;0;0;0;0;0;0;0;0;0;0;0;0;0;0;0;0;0;0;0;0;0;0;0;0;0;0;0;0;0;0;0;0;0;0;0;0;0;0;0;0;0;0;0;0;0;0;0;0;0;0;0;0;0;0;0;0;0;0;0;0;0;0;0;0;0;0;0;0;0;0;0;0;0;0;0;0;0;0;0;0;0;0;0;0;0;0;0;0;0;0;0;0;0;0;0;0;0;0;0;0;0;
adattipus:3;24;856;839;880;862;838;807;758;689;615;518;416;316;212;76;39;158;278;401;508;601;689;752;798;846;878;871;859;825;780;696;628;553;440;327;206;89;25;145;264;395;510;592;659;752;808;838;871;873;857;842;805;732;643;572;465;358;240;103;0;102;233;359;486;572;657;737;793;844;867;876;850;828;798;752;665;582;483;376;260;137;0;16;25;0;0;0;0;14;7;0;0;2;4;17;0;0;0;0;0;0;0;0;16;24;0;0;0;0;0;7;9;0;0;11;12;0;0;0;0;0;2;0;0;15;22;7;0;0;0;9;3;0;0;14;14;1;0;0;0;2;0;0;0;0;12;27;0;0;1;0;12;7;0;0;4;7;6;0;0;0;0;0;0;6;0;0;1;0;12;6;0;0;0;12;0;0;0;0;0;0;0;0;22;28;1;0;0;0;0;0;0;0;22;36;5;0;0;0;0;0;0;2;7;17;13;0;0;1;0;0;9;0;12;15;24;0;0;0;0;0;0;0;0;0;19;6;0;3;3;6;0;9;6;8;7;19;0;0;0;0;0;0;0;0;6;15;16;0;0;0;0;0;0;7;0;
adattipus:9;0;0;835;0;0;0;0;0;0;0;0;0;0;0;0;0;0;0;0;0;0;0;0;0;0;0;0;0;0;0;0;0;0;0;0;0;0;0;0;0;0;0;0;0;0;0;0;0;0;0;0;0;0;0;0;0;0;0;0;0;0;0;0;0;0;0;0;0;0;0;0;0;0;0;0;0;0;0;0;0;0;0;0;0;0;0;0;0;0;0;0;0;0;0;0;0;0;0;0;0;0;0;0;0;0;0;0;0;0;0;0;0;0;0;0;0;0;0;0;0;0;0;0;0;0;0;0;0;0;0;0;0;0;0;0;0;0;0;0;0;0;0;0;0;0;0;0;0;0;0;0;0;0;0;0;0;0;0;0;0;0;0;0;0;0;0;0;0;0;0;0;0;0;0;0;0;0;0;0;0;0;0;0;0;0;0;0;0;0;0;0;0;0;0;0;0;0;0;0;0;0;0;0;0;0;0;0;0;0;0;0;0;0;0;0;0;0;0;0;0;0;0;0;0;0;0;0;0;0;0;0;0;0;0;0;0;0;0;0;0;0;0;0;0;0;0;0;0;0;0;0;0;0;0;0;0;
adattipus:3;7;84;112;289;376;496;590;668;739;799;854;864;856;864;819;770;716;646;547;450;353;217;107;7;127;256;352;468;583;660;734;794;828;842;865;881;838;792;733;657;556;448;364;252;129;3;110;246;370;451;551;643;719;780;825;879;863;854;831;790;734;668;600;487;387;259;139;13;88;199;334;432;550;638;721;782;809;864;880;864;839;814;760;673;601;508;401;284;167;53;70;211;294;419;520;607;686;756;827;839;865;865;847;810;764;708;608;526;423;312;199;93;33;174;284;398;502;596;657;738;824;845;867;870;856;817;764;723;634;551;454;339;206;83;4;0;0;0;0;0;34;0;0;0;0;0;0;33;0;0;0;6;31;0;0;0;0;0;0;0;0;0;0;0;0;6;39;0;0;0;0;0;0;12;0;0;0;0;7;1;6;0;0;0;12;5;0;12;18;0;1;12;0;0;12;3;3;0;9;0;0;17;0;0;3;10;0;0;17;11;1;12;0;0;0;0;22;0;0;0;0;0;6;17;0;0;0;0;0;12;35;0;0;0;0;0;0;34;0;0;0;0;0;10;39;0;0;0;0;0;18;11;0;0;0;0;
adattipus:9;0;0;74;0;0;0;0;0;0;0;0;0;0;0;0;0;0;0;0;0;0;0;0;0;0;0;0;0;0;0;0;0;0;0;0;0;0;0;0;0;0;0;0;0;0;0;0;0;0;0;0;0;0;0;0;0;0;0;0;0;0;0;0;0;0;0;0;0;0;0;0;0;0;0;0;0;0;0;0;0;0;0;0;0;0;0;0;0;0;0;0;0;0;0;0;0;0;0;0;0;0;0;0;0;0;0;0;0;0;0;0;0;0;0;0;0;0;0;0;0;0;0;0;0;0;0;0;0;0;0;0;0;0;0;0;0;0;0;0;0;0;0;0;0;0;0;0;0;0;0;0;0;0;0;0;0;0;0;0;0;0;0;0;0;0;0;0;0;0;0;0;0;0;0;0;0;0;0;0;0;0;0;0;0;0;0;0;0;0;0;0;0;0;0;0;0;0;0;0;0;0;0;0;0;0;0;0;0;0;0;0;0;0;0;0;0;0;0;0;0;0;0;0;0;0;0;0;0;0;0;0;0;0;0;0;0;0;0;0;0;0;0;0;0;0;0;0;0;0;0;0;0;0;0;0;0;
adattipus:3;12;686;723;792;838;860;861;846;831;787;704;643;556;462;339;227;121;1;128;254;368;478;593;665;739;796;835;844;865;880;841;801;734;664;562;454;374;252;130;3;108;241;359;452;543;644;719;779;824;880;871;856;831;792;739;665;588;511;374;263;145;24;89;195;327;443;542;632;708;773;807;836;880;859;841;809;755;675;588;524;403;284;169;56;0;25;9;11;0;0;0;0;17;0;15;0;0;0;0;22;19;0;0;0;0;0;25;13;0;0;0;0;0;33;13;0;0;0;0;0;14;4;0;0;0;0;2;17;19;0;0;0;0;0;0;16;0;0;0;7;0;0;19;0;0;3;6;0;0;15;0;2;7;0;0;3;7;1;9;0;11;0;0;3;0;0;0;3;9;0;3;6;0;0;14;25;0;14;0;0;0;4;20;0;12;0;0;0;10;23;0;0;0;0;0;1;30;0;0;0;0;0;9;43;0;0;0;0;0;2;47;0;0;0;0;0;15;22;0;0;0;0;0;15;19;0;0;0;0;0;0;12;7;0;1;2;3;0;12;0;0;0;7;0;0;15;24;4;3;1;0;0;14;6;0;0;
adattipus:9;0;0;696;0;0;0;0;0;0;0;0;0;0;0;0;0;0;0;0;0;0;0;0;0;0;0;0;0;0;0;0;0;0;0;0;0;0;0;0;0;0;0;0;0;0;0;0;0;0;0;0;0;0;0;0;0;0;0;0;0;0;0;0;0;0;0;0;0;0;0;0;0;0;0;0;0;0;0;0;0;0;0;0;0;0;0;0;0;0;0;0;0;0;0;0;0;0;0;0;0;0;0;0;0;0;0;0;0;0;0;0;0;0;0;0;0;0;0;0;0;0;0;0;0;0;0;0;0;0;0;0;0;0;0;0;0;0;0;0;0;0;0;0;0;0;0;0;0;0;0;0;0;0;0;0;0;0;0;0;0;0;0;0;0;0;0;0;0;0;0;0;0;0;0;0;0;0;0;0;0;0;0;0;0;0;0;0;0;0;0;0;0;0;0;0;0;0;0;0;0;0;0;0;0;0;0;0;0;0;0;0;0;0;0;0;0;0;0;0;0;0;0;0;0;0;0;0;0;0;0;0;0;0;0;0;0;0;0;0;0;0;0;0;0;0;0;0;0;0;0;0;0;0;0;0;0;
adattipus:3;0;865;841;801;750;680;595;498;408;271;160;44;74;192;312;412;523;627;710;763;797;858;880;870;851;814;754;678;600;508;412;304;184;51;67;196;296;406;511;604;688;768;812;839;862;856;839;807;775;711;615;508;432;310;190;88;51;166;280;387;502;600;671;748;806;847;870;870;856;812;771;732;643;536;438;344;207;97;0;0;0;0;0;0;19;0;0;2;12;0;0;18;0;3;1;12;0;0;17;0;0;14;0;0;0;18;19;0;11;0;0;0;18;2;0;0;0;0;0;6;28;3;0;0;0;0;12;22;7;0;0;0;0;17;19;0;0;0;0;0;27;19;0;0;0;0;0;0;10;0;0;0;28;15;0;0;0;0;0;0;0;0;0;0;0;0;6;0;0;0;0;10;0;8;14;0;1;0;7;0;2;14;0;1;7;0;0;13;24;0;6;7;0;0;3;19;0;7;10;0;0;0;22;0;10;0;0;0;2;18;0;7;0;0;0;5;24;0;0;0;0;0;0;23;0;0;0;0;0;4;36;0;0;0;0;0;0;12;0;0;0;0;0;2;15;13;0;0;0;0;0;2;7;0;0;0;
adattipus:9;0;0;0;0;0;0;0;0;0;0;0;0;0;0;0;0;0;0;0;0;0;0;0;0;0;0;0;0;0;0;0;0;0;0;0;0;0;0;0;0;0;0;0;0;0;0;0;0;0;0;0;0;0;0;0;0;0;0;0;0;0;0;0;0;0;0;0;0;0;0;0;0;0;0;0;0;0;0;0;0;0;0;0;0;0;0;0;0;0;0;0;0;0;0;0;0;0;0;0;0;0;0;0;0;0;0;0;0;0;0;0;0;0;0;0;0;0;0;0;0;0;0;0;0;0;0;0;0;0;0;0;0;0;0;0;0;0;0;0;0;0;0;0;0;0;0;0;0;0;0;0;0;0;0;0;0;0;0;0;0;0;0;0;0;0;0;0;0;0;0;0;0;0;0;0;0;0;0;0;0;0;0;0;0;0;0;0;0;0;0;0;0;0;0;0;0;0;0;0;0;0;0;0;0;0;0;0;0;0;0;0;0;0;0;0;0;0;0;0;0;0;0;0;0;0;0;0;0;0;0;0;0;0;0;0;0;0;0;0;0;0;0;0;0;0;0;0;0;0;0;0;0;0;0;0;0;
adattipus:3;0;756;798;841;839;865;862;843;793;734;671;575;489;388;263;143;15;88;220;348;428;553;638;713;779;810;850;862;854;831;792;757;649;583;492;390;272;174;63;65;204;321;432;534;609;707;771;816;856;871;871;833;806;766;694;615;519;422;291;184;71;65;180;287;401;510;620;673;768;821;844;856;870;867;824;777;707;632;543;448;337;192;88;25;156;266;368;487;604;671;745;803;847;856;850;867;831;787;728;647;547;436;352;227;114;0;0;0;30;0;0;0;0;0;0;9;6;0;0;0;0;0;12;0;0;0;0;0;0;0;10;0;0;2;3;0;0;17;0;0;7;3;0;0;19;0;0;0;0;0;0;24;0;14;0;6;14;0;0;12;0;0;12;14;7;4;0;0;0;3;20;0;7;0;0;0;0;15;0;0;0;0;0;0;24;0;0;0;0;0;0;30;0;0;0;0;0;0;20;0;0;0;0;0;0;18;17;0;1;0;0;0;3;5;0;0;0;0;0;3;15;0;1;13;0;0;7;35;0;0;14;0;0;12;27;0;12;1;0;0;6;20;0;15;0;0;0;12;25;0;12;0;0;0;3;0;
adattipus:9;0;0;792;0;0;0;0;0;0;0;0;0;0;0;0;0;0;0;0;0;0;0;0;0;0;0;0;0;0;0;0;0;0;0;0;0;0;0;0;0;0;0;0;0;0;0;0;0;0;0;0;0;0;0;0;0;0;0;0;0;0;0;0;0;0;0;0;0;0;0;0;0;0;0;0;0;0;0;0;0;0;0;0;0;0;0;0;0;0;0;0;0;0;0;0;0;0;0;0;0;0;0;0;0;0;0;0;0;0;0;0;0;0;0;0;0;0;0;0;0;0;0;0;0;0;0;0;0;0;0;0;0;0;0;0;0;0;0;0;0;0;0;0;0;0;0;0;0;0;0;0;0;0;0;0;0;0;0;0;0;0;0;0;0;0;0;0;0;0;0;0;0;0;0;0;0;0;0;0;0;0;0;0;0;0;0;0;0;0;0;0;0;0;0;0;0;0;0;0;0;0;0;0;0;0;0;0;0;0;0;0;0;0;0;0;0;0;0;0;0;0;0;0;0;0;0;0;0;0;0;0;0;0;0;0;0;0;0;0;0;0;0;0;0;0;0;0;0;0;0;0;0;0;0;0;0;
adattipus:3;0;833;856;862;844;839;799;748;674;574;488;387;266;153;23;83;214;313;423;531;620;702;763;828;846;862;873;847;807;760;691;598;499;414;287;163;49;67;184;302;409;536;624;700;769;814;851;857;871;859;819;768;707;624;508;428;332;200;76;41;172;295;408;483;595;678;745;799;851;880;856;847;818;770;707;641;561;440;337;214;92;19;128;252;378;476;583;671;739;803;838;851;865;860;817;783;724;646;568;464;348;220;103;0;0;8;6;0;0;22;0;0;6;6;0;0;22;0;0;9;0;0;0;4;0;12;3;0;0;0;24;9;11;0;0;0;0;28;0;0;0;0;0;0;19;12;0;0;0;0;0;24;12;0;0;0;0;1;15;7;0;0;0;0;3;0;14;0;0;0;0;0;0;12;0;3;6;13;0;0;22;0;0;7;0;0;0;15;0;0;12;0;0;0;20;0;4;13;0;0;0;19;5;5;0;0;0;0;7;36;0;0;0;0;0;18;20;0;0;0;0;0;12;0;0;0;0;27;0;0;0;0;7;0;25;0;0;0;0;0;0;28;0;0;0;0;0;0;19;0;0;0;0;0;4;0;
adattipus:9;0;0;0;0;0;0;0;0;0;0;0;0;0;0;0;0;0;0;0;0;0;0;0;0;0;0;0;0;0;0;0;0;0;0;0;0;0;0;0;0;0;0;0;0;0;0;0;0;0;0;0;0;0;0;0;0;0;0;0;0;0;0;0;0;0;0;0;0;0;0;0;0;0;0;0;0;0;0;0;0;0;0;0;0;0;0;0;0;0;0;0;0;0;0;0;0;0;0;0;0;0;0;0;0;0;0;0;0;0;0;0;0;0;0;0;0;0;0;0;0;0;0;0;0;0;0;0;0;0;0;0;0;0;0;0;0;0;0;0;0;0;0;0;0;0;0;0;0;0;0;0;0;0;0;0;0;0;0;0;0;0;0;0;0;0;0;0;0;0;0;0;0;0;0;0;0;0;0;0;0;0;0;0;0;0;0;0;0;0;0;0;0;0;0;0;0;0;0;0;0;0;0;0;0;0;0;0;0;0;0;0;0;0;0;0;0;0;0;0;0;0;0;0;0;0;0;0;0;0;0;0;0;0;0;0;0;0;0;0;0;0;0;0;0;0;0;0;0;0;0;0;0;0;0;0;0;
adattipus:3;0;583;537;497;390;276;164;45;83;205;319;428;536;616;684;775;828;859;871;856;864;803;760;697;610;521;393;304;185;49;50;179;297;423;536;604;683;748;803;839;870;878;835;816;779;696;611;536;444;319;204;89;30;152;271;391;496;595;678;737;799;825;852;880;856;824;776;712;615;540;465;338;224;102;14;153;263;359;478;568;664;739;796;867;871;871;856;829;783;723;669;575;452;352;240;124;0;97;232;342;462;563;649;731;771;831;857;871;871;852;808;734;675;604;492;380;271;156;9;20;0;3;0;0;0;0;24;0;7;0;0;0;6;19;0;4;0;0;0;3;24;0;7;0;0;0;0;23;0;0;0;3;25;0;0;0;0;0;0;24;0;0;0;0;0;10;28;0;0;0;0;0;14;30;0;0;0;0;0;17;11;0;0;0;0;0;0;15;0;0;0;0;3;0;10;0;0;0;0;0;0;19;12;0;0;3;0;0;15;7;0;4;0;0;0;18;0;0;12;0;0;0;22;0;12;4;0;0;0;14;9;14;0;0;0;0;24;28;0;0;1;1;0;7;22;0;0;0;3;0;11;13;0;0;0;0;
adattipus:9;0;0;575;0;0;0;0;0;0;0;0;0;0;0;0;0;0;0;0;0;0;0;0;0;0;0;0;0;0;0;0;0;0;0;0;0;0;0;0;0;0;0;0;0;0;0;0;0;0;0;0;0;0;0;0;0;0;0;0;0;0;0;0;0;0;0;0;0;0;0;0;0;0;0;0;0;0;0;0;0;0;0;0;0;0;0;0;0;0;0;0;0;0;0;0;0;0;0;0;0;0;0;0;0;0;0;0;0;0;0;0;0;0;0;0;0;0;0;0;0;0;0;0;0;0;0;0;0;0;0;0;0;0;0;0;0;0;0;0;0;0;0;0;0;0;0;0;0;0;0;0;0;0;0;0;0;0;0;0;0;0;0;0;0;0;0;0;0;0;0;0;0;0;0;0;0;0;0;0;0;0;0;0;0;0;0;0;0;0;0;0;0;0;0;0;0;0;0;0;0;0;0;0;0;0;0;0;0;0;0;0;0;0;0;0;0;0;0;0;0;0;0;0;0;0;0;0;0;0;0;0;0;0;0;0;0;0;0;0;0;0;0;0;0;0;0;0;0;0;0;0;0;0;0;0;0;
adattipus:3;0;825;831;868;857;847;816;768;721;633;527;435;323;211;88;7;145;257;384;489;591;671;728;803;844;852;876;867;834;775;723;664;560;454;348;239;107;30;118;263;367;460;561;652;747;794;831;857;870;852;825;803;746;654;577;487;377;248;140;34;108;225;331;452;558;632;702;793;824;862;867;871;839;798;761;681;598;504;398;263;152;58;0;0;0;0;0;0;28;0;0;7;0;0;0;22;0;0;0;0;0;0;25;0;0;0;0;24;0;1;0;0;1;0;24;0;0;0;0;0;0;25;0;0;0;0;0;0;28;9;0;0;3;0;0;15;0;0;0;0;9;0;0;12;0;1;0;9;0;5;3;0;0;0;0;0;0;19;0;0;12;0;0;3;20;0;7;0;0;0;0;17;24;7;0;0;0;0;28;0;0;0;0;0;0;24;0;0;6;0;0;0;39;22;0;0;0;0;2;4;6;0;0;0;3;0;10;14;0;0;0;6;17;0;0;7;9;0;1;24;0;12;12;0;0;0;24;0;0;9;0;0;0;24;0;0;0;0;0;0;24;8;4;0;0;0;0;24;0;3;0;0;0;0;29;0;
adattipus:9;0;0;830;0;0;0;0;0;0;0;0;0;0;0;0;0;0;0;0;0;0;0;0;0;0;0;0;0;0;0;0;0;0;0;0;0;0;0;0;0;0;0;0;0;0;0;0;0;0;0;0;0;0;0;0;0;0;0;0;0;0;0;0;0;0;0;0;0;0;0;0;0;0;0;0;0;0;0;0;0;0;0;0;0;0;0;0;0;0;0;0;0;0;0;0;0;0;0;0;0;0;0;0;0;0;0;0;0;0;0;0;0;0;0;0;0;0;0;0;0;0;0;0;0;0;0;0;0;0;0;0;0;0;0;0;0;0;0;0;0;0;0;0;0;0;0;0;0;0;0;0;0;0;0;0;0;0;0;0;0;0;0;0;0;0;0;0;0;0;0;0;0;0;0;0;0;0;0;0;0;0;0;0;0;0;0;0;0;0;0;0;0;0;0;0;0;0;0;0;0;0;0;0;0;0;0;0;0;0;0;0;0;0;0;0;0;0;0;0;0;0;0;0;0;0;0;0;0;0;0;0;0;0;0;0;0;0;0;0;0;0;0;0;0;0;0;0;0;0;0;0;0;0;0;0;0;
adattipus:3;0;413;368;195;92;49;147;273;396;504;600;664;732;794;839;867;872;864;816;768;728;639;543;449;344;220;88;32;142;258;368;473;575;672;748;785;838;860;859;841;825;799;723;646;562;455;344;231;135;0;120;231;358;472;558;638;738;785;828;851;867;865;828;824;742;671;588;492;363;252;158;28;6;0;7;0;8;0;0;0;0;0;0;3;15;1;3;9;0;0;14;25;0;15;0;0;0;6;19;0;9;0;0;0;0;28;0;0;0;0;0;3;23;0;0;0;15;0;0;0;0;0;6;8;16;12;0;0;0;0;15;41;0;0;0;0;0;1;39;0;0;0;0;0;0;14;0;0;0;0;6;6;12;0;0;0;0;6;3;12;0;0;0;0;0;0;12;0;0;0;12;0;0;17;0;0;3;12;0;0;20;0;3;2;0;0;0;19;0;0;12;0;0;0;23;19;7;3;0;0;0;16;7;9;0;0;0;0;20;0;0;0;0;0;0;25;28;0;0;0;0;0;15;30;0;0;0;0;0;20;11;0;0;0;0;0;23;9;0;0;0;0;0;25;14;0;0;0;10;14;0;0;0;0;0;0;
adattipus:9;0;0;384;0;0;0;0;0;0;0;0;0;0;0;0;0;0;0;0;0;0;0;0;0;0;0;0;0;0;0;0;0;0;0;0;0;0;0;0;0;0;0;0;0;0;0;0;0;0;0;0;0;0;0;0;0;0;0;0;0;0;0;0;0;0;0;0;0;0;0;0;0;0;0;0;0;0;0;0;0;0;0;0;0;0;0;0;0;0;0;0;0;0;0;0;0;0;0;0;0;0;0;0;0;0;0;0;0;0;0;0;0;0;0;0;0;0;0;0;0;0;0;0;0;0;0;0;0;0;0;0;0;0;0;0;0;0;0;0;0;0;0;0;0;0;0;0;0;0;0;0;0;0;0;0;0;0;0;0;0;0;0;0;0;0;0;0;0;0;0;0;0;0;0;0;0;0;0;0;0;0;0;0;0;0;0;0;0;0;0;0;0;0;0;0;0;0;0;0;0;0;0;0;0;0;0;0;0;0;0;0;0;0;0;0;0;0;0;0;0;0;0;0;0;0;0;0;0;0;0;0;0;0;0;0;0;0;0;0;0;0;0;0;0;0;0;0;0;0;0;0;0;0;0;0;0;
adattipus:3;0;719;742;816;847;857;856;852;807;745;694;623;502;415;306;176;61;44;159;313;408;510;604;700;761;801;856;871;871;860;824;774;696;632;542;435;327;211;79;30;156;303;398;488;591;659;748;812;822;860;864;851;824;792;734;628;548;451;345;223;118;17;135;249;366;476;572;646;720;792;833;864;870;862;819;776;739;652;568;476;371;240;126;23;12;0;0;0;0;20;0;0;0;0;0;0;19;14;0;0;0;0;0;22;12;0;0;0;0;2;14;12;0;3;0;0;13;26;0;0;8;0;0;12;9;14;3;11;0;0;17;17;0;3;0;0;0;9;6;0;4;0;0;0;15;0;0;3;0;0;0;20;22;8;0;0;0;0;15;17;0;0;0;0;0;25;0;0;0;0;0;0;0;30;1;0;0;0;0;24;22;0;0;0;0;0;14;12;0;0;0;0;6;0;12;0;0;0;9;0;0;14;22;0;3;11;0;0;19;25;0;0;0;0;0;15;8;0;13;0;0;0;19;0;0;11;0;0;0;20;15;0;0;0;0;0;15;4;0;0;0;0;0;3;30;0;0;0;3;0;0;0;0;3;0;0;
adattipus:9;0;0;724;0;0;0;0;0;0;0;0;0;0;0;0;0;0;0;0;0;0;0;0;0;0;0;0;0;0;0;0;0;0;0;0;0;0;0;0;0;0;0;0;0;0;0;0;0;0;0;0;0;0;0;0;0;0;0;0;0;0;0;0;0;0;0;0;0;0;0;0;0;0;0;0;0;0;0;0;0;0;0;0;0;0;0;0;0;0;0;0;0;0;0;0;0;0;0;0;0;0;0;0;0;0;0;0;0;0;0;0;0;0;0;0;0;0;0;0;0;0;0;0;0;0;0;0;0;0;0;0;0;0;0;0;0;0;0;0;0;0;0;0;0;0;0;0;0;0;0;0;0;0;0;0;0;0;0;0;0;0;0;0;0;0;0;0;0;0;0;0;0;0;0;0;0;0;0;0;0;0;0;0;0;0;0;0;0;0;0;0;0;0;0;0;0;0;0;0;0;0;0;0;0;0;0;0;0;0;0;0;0;0;0;0;0;0;0;0;0;0;0;0;0;0;0;0;0;0;0;0;0;0;0;0;0;0;0;0;0;0;0;0;0;0;0;0;0;0;0;0;0;0;0;0;0;
adattipus:3;2;391;440;512;593;692;760;818;851;854;856;867;820;768;707;633;529;423;337;211;83;19;143;265;396;489;583;668;739;803;825;857;864;846;818;792;711;617;545;448;329;214;124;0;150;258;370;479;577;647;713;798;839;866;873;864;823;775;746;652;572;470;364;238;108;41;116;231;350;458;560;664;729;776;824;849;864;856;840;812;732;679;580;480;374;263;166;10;85;206;331;444;531;632;723;774;814;851;871;865;835;822;756;684;604;508;406;283;176;46;0;9;0;0;2;27;0;6;0;0;0;0;25;0;0;0;0;0;1;24;0;0;0;0;0;0;0;0;0;0;0;25;0;0;0;1;0;0;25;0;0;0;0;0;6;3;7;0;3;1;0;0;6;0;0;0;0;7;0;12;24;0;0;1;3;0;3;5;0;0;0;0;0;9;24;0;0;12;0;0;7;24;0;0;0;0;0;0;30;0;6;0;0;0;1;24;5;0;0;0;0;0;28;0;0;0;0;0;0;33;0;0;0;0;0;0;6;0;0;0;0;0;0;0;10;0;0;0;0;0;0;10;0;4;13;3;17;0;3;4;1;0;0;24;1;0;
adattipus:9;0;0;380;0;0;0;0;0;0;0;0;0;0;0;0;0;0;0;0;0;0;0;0;0;0;0;0;0;0;0;0;0;0;0;0;0;0;0;0;0;0;0;0;0;0;0;0;0;0;0;0;0;0;0;0;0;0;0;0;0;0;0;0;0;0;0;0;0;0;0;0;0;0;0;0;0;0;0;0;0;0;0;0;0;0;0;0;0;0;0;0;0;0;0;0;0;0;0;0;0;0;0;0;0;0;0;0;0;0;0;0;0;0;0;0;0;0;0;0;0;0;0;0;0;0;0;0;0;0;0;0;0;0;0;0;0;0;0;0;0;0;0;0;0;0;0;0;0;0;0;0;0;0;0;0;0;0;0;0;0;0;0;0;0;0;0;0;0;0;0;0;0;0;0;0;0;0;0;0;0;0;0;0;0;0;0;0;0;0;0;0;0;0;0;0;0;0;0;0;0;0;0;0;0;0;0;0;0;0;0;0;0;0;0;0;0;0;0;0;0;0;0;0;0;0;0;0;0;0;0;0;0;0;0;0;0;0;0;0;0;0;0;0;0;0;0;0;0;0;0;0;0;0;0;0;0;
adattipus:3;0;86;135;222;322;435;532;627;700;768;828;860;860;871;839;798;748;688;620;498;406;305;174;44;48;191;312;415;524;615;696;751;807;862;868;868;857;825;752;704;632;537;438;321;206;63;44;142;276;387;496;598;684;761;815;835;857;865;848;824;796;713;639;540;441;332;220;116;39;130;257;370;483;575;647;750;785;835;864;876;860;819;793;722;647;556;463;364;226;134;0;120;243;348;451;564;664;711;785;838;849;854;860;851;780;742;667;582;486;376;275;143;20;92;218;327;419;532;653;713;774;824;860;856;849;857;816;758;692;588;511;399;292;171;47;0;31;12;24;0;0;0;0;3;7;0;0;0;0;2;5;3;0;0;0;0;3;0;14;0;0;6;6;0;0;19;0;0;7;0;0;0;15;3;0;1;0;0;0;25;0;6;2;0;0;0;12;12;0;0;0;0;0;20;30;0;0;0;0;0;7;27;0;0;0;0;0;17;18;0;0;0;0;0;14;9;0;1;0;0;0;0;17;14;1;0;0;0;0;12;2;0;0;9;0;0;17;12;7;0;0;24;22;0;0;0;0;12;15;0;0;9;0;0;0;0;
adattipus:9;0;0;106;0;0;0;0;0;0;0;0;0;0;0;0;0;0;0;0;0;0;0;0;0;0;0;0;0;0;0;0;0;0;0;0;0;0;0;0;0;0;0;0;0;0;0;0;0;0;0;0;0;0;0;0;0;0;0;0;0;0;0;0;0;0;0;0;0;0;0;0;0;0;0;0;0;0;0;0;0;0;0;0;0;0;0;0;0;0;0;0;0;0;0;0;0;0;0;0;0;0;0;0;0;0;0;0;0;0;0;0;0;0;0;0;0;0;0;0;0;0;0;0;0;0;0;0;0;0;0;0;0;0;0;0;0;0;0;0;0;0;0;0;0;0;0;0;0;0;0;0;0;0;0;0;0;0;0;0;0;0;0;0;0;0;0;0;0;0;0;0;0;0;0;0;0;0;0;0;0;0;0;0;0;0;0;0;0;0;0;0;0;0;0;0;0;0;0;0;0;0;0;0;0;0;0;0;0;0;0;0;0;0;0;0;0;0;0;0;0;0;0;0;0;0;0;0;0;0;0;0;0;0;0;0;0;0;0;0;0;0;0;0;0;0;0;0;0;0;0;0;0;0;0;0;0;
adattipus:3;44;83;70;79;79;86;88;93;110;110;108;99;94;112;102;89;81;76;67;63;58;60;38;35;28;10;0;0;0;3;19;7;8;6;1;6;7;0;0;1;14;30;31;39;46;46;60;69;84;88;96;92;96;99;102;99;105;103;103;93;92;75;71;67;54;46;35;33;25;15;0;3;0;0;0;3;6;1;0;24;0;0;0;6;18;14;20;41;46;71;62;63;71;86;103;96;102;105;97;111;102;108;103;96;88;83;71;66;57;65;48;39;26;7;15;12;2;0;0;0;4;3;6;18;0;0;0;0;20;7;25;28;39;39;38;39;41;46;49;28;41;41;46;54;33;39;41;39;57;39;49;42;44;50;47;44;44;39;56;46;48;47;41;46;48;33;39;39;48;36;50;39;44;41;39;45;47;46;46;39;33;47;47;41;39;47;44;44;42;38;39;49;38;38;38;39;47;39;38;35;33;46;44;41;41;44;37;38;38;49;35;36;38;41;52;36;42;41;48;52;31;35;44;46;50;42;36;44;44;48;45;46;38;35;49;50;46;39;36;32;44;47;42;35;41;36;37;41;44;36;38;39;44;46;35;0;
adattipus:9;0;0;67;0;0;0;0;0;0;0;0;0;0;0;0;0;0;0;0;0;0;0;0;0;0;0;0;0;0;0;0;0;0;0;0;0;0;0;0;0;0;0;0;0;0;0;0;0;0;0;0;0;0;0;0;0;0;0;0;0;0;0;0;0;0;0;0;0;0;0;0;0;0;0;0;0;0;0;0;0;0;0;0;0;0;0;0;0;0;0;0;0;0;0;0;0;0;0;0;0;0;0;0;0;0;0;0;0;0;0;0;0;0;0;0;0;0;0;0;0;0;0;0;0;0;0;0;0;0;0;0;0;0;0;0;0;0;0;0;0;0;0;0;0;0;0;0;0;0;0;0;0;0;0;0;0;0;0;0;0;0;0;0;0;0;0;0;0;0;0;0;0;0;0;0;0;0;0;0;0;0;0;0;0;0;0;0;0;0;0;0;0;0;0;0;0;0;0;0;0;0;0;0;0;0;0;0;0;0;0;0;0;0;0;0;0;0;0;0;0;0;0;0;0;0;0;0;0;0;0;0;0;0;0;0;0;0;0;0;0;0;0;0;0;0;0;0;0;0;0;0;0;0;0;0;0;
adattipus:3;43;94;76;83;88;96;106;102;102;100;102;102;103;96;83;70;74;67;56;41;28;23;15;33;12;4;0;0;21;7;15;12;7;2;4;0;3;9;28;24;28;36;46;67;63;71;71;79;96;102;103;99;97;115;108;103;96;97;104;83;68;62;61;60;43;32;23;15;4;9;0;0;0;0;12;0;3;0;0;0;0;3;4;0;19;28;47;51;49;62;71;84;94;83;95;103;108;110;92;105;103;95;102;76;74;67;60;54;46;34;24;19;25;0;0;0;0;26;7;7;4;7;20;0;0;6;12;28;23;27;39;47;70;68;76;78;76;103;103;103;100;99;115;103;103;95;94;96;81;71;62;56;44;38;30;24;15;7;6;0;0;2;9;23;7;0;4;6;24;0;3;12;19;42;39;49;48;56;79;81;83;91;94;103;99;99;108;105;120;96;89;89;86;88;67;67;54;36;31;30;24;11;0;0;0;0;0;19;0;6;4;7;4;0;1;6;17;20;24;39;39;38;39;39;44;48;44;43;28;39;41;45;36;38;54;48;46;48;39;41;39;39;44;43;38;44;44;51;44;44;44;39;52;34;40;0;
adattipus:9;0;0;78;0;0;0;0;0;0;0;0;0;0;0;0;0;0;0;0;0;0;0;0;0;0;0;0;0;0;0;0;0;0;0;0;0;0;0;0;0;0;0;0;0;0;0;0;0;0;0;0;0;0;0;0;0;0;0;0;0;0;0;0;0;0;0;0;0;0;0;0;0;0;0;0;0;0;0;0;0;0;0;0;0;0;0;0;0;0;0;0;0;0;0;0;0;0;0;0;0;0;0;0;0;0;0;0;0;0;0;0;0;0;0;0;0;0;0;0;0;0;0;0;0;0;0;0;0;0;0;0;0;0;0;0;0;0;0;0;0;0;0;0;0;0;0;0;0;0;0;0;0;0;0;0;0;0;0;0;0;0;0;0;0;0;0;0;0;0;0;0;0;0;0;0;0;0;0;0;0;0;0;0;0;0;0;0;0;0;0;0;0;0;0;0;0;0;0;0;0;0;0;0;0;0;0;0;0;0;0;0;0;0;0;0;0;0;0;0;0;0;0;0;0;0;0;0;0;0;0;0;0;0;0;0;0;0;0;0;0;0;0;0;0;0;0;0;0;0;0;0;0;0;0;0;0;
adattipus:3;39;87;71;69;80;89;92;96;99;108;100;103;103;97;94;96;84;76;67;63;57;51;31;24;28;14;6;0;0;6;0;12;12;6;0;6;0;0;0;0;15;15;31;40;44;50;62;71;71;81;92;97;99;95;94;109;99;96;92;84;88;79;76;63;48;47;45;36;18;15;12;7;0;12;0;3;9;12;14;0;0;0;0;0;6;19;25;33;39;44;54;63;79;82;79;95;103;96;103;96;104;99;96;108;83;83;76;76;67;39;47;31;24;34;10;7;0;0;12;3;4;9;4;24;4;0;0;1;24;17;18;24;44;65;56;62;70;79;96;92;99;98;95;117;103;112;99;99;94;84;83;80;58;57;46;38;34;20;12;8;0;0;0;0;0;0;6;3;1;0;0;9;12;12;24;15;33;51;48;60;56;78;84;88;103;89;96;99;108;100;92;93;92;88;80;63;65;54;44;51;26;25;12;7;0;0;0;3;2;6;10;7;4;0;0;0;3;7;24;35;17;44;45;41;52;31;44;42;44;65;44;39;39;44;51;40;39;44;44;52;44;46;45;37;55;35;41;36;39;56;39;41;42;48;52;0;
adattipus:9;0;0;60;0;0;0;0;0;0;0;0;0;0;0;0;0;0;0;0;0;0;0;0;0;0;0;0;0;0;0;0;0;0;0;0;0;0;0;0;0;0;0;0;0;0;0;0;0;0;0;0;0;0;0;0;0;0;0;0;0;0;0;0;0;0;0;0;0;0;0;0;0;0;0;0;0;0;0;0;0;0;0;0;0;0;0;0;0;0;0;0;0;0;0;0;0;0;0;0;0;0;0;0;0;0;0;0;0;0;0;0;0;0;0;0;0;0;0;0;0;0;0;0;0;0;0;0;0;0;0;0;0;0;0;0;0;0;0;0;0;0;0;0;0;0;0;0;0;0;0;0;0;0;0;0;0;0;0;0;0;0;0;0;0;0;0;0;0;0;0;0;0;0;0;0;0;0;0;0;0;0;0;0;0;0;0;0;0;0;0;0;0;0;0;0;0;0;0;0;0;0;0;0;0;0;0;0;0;0;0;0;0;0;0;0;0;0;0;0;0;0;0;0;0;0;0;0;0;0;0;0;0;0;0;0;0;0;0;0;0;0;0;0;0;0;0;0;0;0;0;0;0;0;0;0;0;
adattipus:3;44;86;71;70;87;87;96;99;88;102;105;103;103;86;96;92;79;86;62;59;59;35;48;31;15;7;7;19;6;0;12;12;0;7;7;2;0;0;0;12;13;16;39;40;44;57;56;76;80;95;91;99;102;102;114;102;99;103;88;96;92;79;77;63;63;56;41;29;25;31;10;10;0;6;29;10;7;9;7;4;15;0;0;1;31;19;28;34;41;71;57;67;79;78;112;102;108;110;105;112;98;103;96;88;96;84;73;71;52;63;46;30;19;17;25;15;0;0;7;26;8;3;12;7;24;0;0;7;12;24;28;31;41;54;56;67;76;76;80;97;96;108;99;99;103;105;96;96;92;76;88;67;62;57;33;35;30;20;10;12;0;0;0;4;19;0;1;9;1;11;0;1;7;22;26;19;34;44;50;79;63;79;83;84;114;96;99;103;103;105;103;95;92;92;88;71;64;57;48;55;24;22;22;15;14;0;0;0;12;7;0;3;0;0;0;0;1;9;24;22;24;49;39;38;48;30;44;39;44;51;35;39;39;44;52;39;35;42;39;56;46;45;39;47;54;33;47;43;39;56;44;41;49;43;51;0;
adattipus:9;0;0;62;0;0;0;0;0;0;0;0;0;0;0;0;0;0;0;0;0;0;0;0;0;0;0;0;0;0;0;0;0;0;0;0;0;0;0;0;0;0;0;0;0;0;0;0;0;0;0;0;0;0;0;0;0;0;0;0;0;0;0;0;0;0;0;0;0;0;0;0;0;0;0;0;0;0;0;0;0;0;0;0;0;0;0;0;0;0;0;0;0;0;0;0;0;0;0;0;0;0;0;0;0;0;0;0;0;0;0;0;0;0;0;0;0;0;0;0;0;0;0;0;0;0;0;0;0;0;0;0;0;0;0;0;0;0;0;0;0;0;0;0;0;0;0;0;0;0;0;0;0;0;0;0;0;0;0;0;0;0;0;0;0;0;0;0;0;0;0;0;0;0;0;0;0;0;0;0;0;0;0;0;0;0;0;0;0;0;0;0;0;0;0;0;0;0;0;0;0;0;0;0;0;0;0;0;0;0;0;0;0;0;0;0;0;0;0;0;0;0;0;0;0;0;0;0;0;0;0;0;0;0;0;0;0;0;0;0;0;0;0;0;0;0;0;0;0;0;0;0;0;0;0;0;0;
adattipus:3;44;80;73;82;79;99;103;99;100;103;120;97;103;96;83;102;83;68;60;51;63;47;30;15;20;20;7;0;3;7;3;20;9;9;9;4;0;0;7;12;24;30;29;48;52;75;71;79;85;92;112;98;102;108;102;113;106;97;92;88;88;68;71;57;48;48;39;24;19;12;15;0;1;0;1;24;7;0;0;0;3;0;0;9;20;26;28;39;47;63;71;70;76;89;96;97;98;96;99;105;103;96;86;94;81;82;68;48;52;43;34;38;9;15;7;6;0;0;7;9;1;9;0;0;0;0;0;0;17;27;28;35;39;57;65;75;83;92;89;99;96;99;102;104;103;99;96;92;88;87;76;56;52;54;37;30;30;0;6;3;0;0;6;2;7;7;7;7;0;4;7;0;6;18;30;35;39;46;56;71;79;80;81;97;102;103;108;115;103;108;96;88;94;81;76;73;54;49;48;36;24;14;13;12;0;4;1;0;15;9;3;2;0;0;0;0;7;19;16;29;35;44;48;39;33;40;48;44;41;31;45;40;44;44;28;39;48;47;35;39;48;41;41;31;35;41;44;39;38;39;47;39;44;38;49;0;
adattipus:9;0;0;74;0;0;0;0;0;0;0;0;0;0;0;0;0;0;0;0;0;0;0;0;0;0;0;0;0;0;0;0;0;0;0;0;0;0;0;0;0;0;0;0;0;0;0;0;0;0;0;0;0;0;0;0;0;0;0;0;0;0;0;0;0;0;0;0;0;0;0;0;0;0;0;0;0;0;0;0;0;0;0;0;0;0;0;0;0;0;0;0;0;0;0;0;0;0;0;0;0;0;0;0;0;0;0;0;0;0;0;0;0;0;0;0;0;0;0;0;0;0;0;0;0;0;0;0;0;0;0;0;0;0;0;0;0;0;0;0;0;0;0;0;0;0;0;0;0;0;0;0;0;0;0;0;0;0;0;0;0;0;0;0;0;0;0;0;0;0;0;0;0;0;0;0;0;0;0;0;0;0;0;0;0;0;0;0;0;0;0;0;0;0;0;0;0;0;0;0;0;0;0;0;0;0;0;0;0;0;0;0;0;0;0;0;0;0;0;0;0;0;0;0;0;0;0;0;0;0;0;0;0;0;0;0;0;0;0;0;0;0;0;0;0;0;0;0;0;0;0;0;0;0;0;0;0;
adattipus:3;48;81;73;90;88;86;103;102;103;111;89;102;93;88;97;70;67;57;48;62;28;25;21;12;28;0;0;3;6;19;2;0;0;4;7;0;0;12;16;23;17;31;47;56;59;67;74;88;92;92;95;97;106;100;103;103;108;97;81;76;76;76;51;52;39;31;36;11;12;6;0;1;7;7;7;6;6;13;3;0;0;15;14;16;31;31;57;52;57;64;74;96;83;88;96;103;115;97;102;99;97;107;78;86;76;63;75;46;44;36;24;15;18;6;0;0;14;0;4;6;5;20;0;0;0;7;16;10;23;33;46;47;44;63;71;78;84;79;96;108;100;96;102;100;99;102;86;81;84;69;60;58;38;43;32;15;17;0;3;0;0;2;0;0;12;0;3;1;6;3;4;7;26;36;35;45;55;62;82;66;79;92;96;94;95;103;105;108;97;92;96;88;79;68;62;60;51;35;34;24;19;9;4;0;0;6;7;12;7;0;3;1;0;1;0;15;24;20;28;33;39;48;34;38;33;39;39;47;35;39;35;36;44;39;31;42;44;40;44;31;41;46;39;39;52;44;44;46;38;50;44;38;38;41;49;0;
adattipus:9;0;0;71;0;0;0;0;0;0;0;0;0;0;0;0;0;0;0;0;0;0;0;0;0;0;0;0;0;0;0;0;0;0;0;0;0;0;0;0;0;0;0;0;0;0;0;0;0;0;0;0;0;0;0;0;0;0;0;0;0;0;0;0;0;0;0;0;0;0;0;0;0;0;0;0;0;0;0;0;0;0;0;0;0;0;0;0;0;0;0;0;0;0;0;0;0;0;0;0;0;0;0;0;0;0;0;0;0;0;0;0;0;0;0;0;0;0;0;0;0;0;0;0;0;0;0;0;0;0;0;0;0;0;0;0;0;0;0;0;0;0;0;0;0;0;0;0;0;0;0;0;0;0;0;0;0;0;0;0;0;0;0;0;0;0;0;0;0;0;0;0;0;0;0;0;0;0;0;0;0;0;0;0;0;0;0;0;0;0;0;0;0;0;0;0;0;0;0;0;0;0;0;0;0;0;0;0;0;0;0;0;0;0;0;0;0;0;0;0;0;0;0;0;0;0;0;0;0;0;0;0;0;0;0;0;0;0;0;0;0;0;0;0;0;0;0;0;0;0;0;0;0;0;0;0;0;
adattipus:3;44;82;86;86;77;84;92;89;91;89;86;84;81;75;74;70;54;66;39;38;31;15;31;7;0;0;0;20;0;0;0;7;29;0;0;0;2;0;7;12;31;35;56;48;56;63;72;86;79;86;83;84;102;89;88;79;78;96;71;68;63;56;65;39;25;31;22;20;11;2;0;4;7;7;1;0;0;13;0;3;0;0;25;24;19;30;39;56;60;54;63;71;83;78;86;88;88;96;83;90;84;78;84;73;65;63;49;51;44;30;20;14;7;3;3;0;6;2;6;0;0;3;3;0;2;12;3;15;22;28;39;39;46;55;65;68;71;80;83;102;88;82;92;89;96;84;79;73;71;80;57;60;49;30;39;17;14;6;0;19;9;0;3;7;19;14;0;0;3;17;3;11;17;25;47;32;45;58;65;75;64;76;81;96;97;80;88;86;83;97;71;76;62;62;76;44;39;35;30;41;12;0;6;3;2;0;3;7;7;14;0;6;0;0;1;9;15;23;28;36;38;35;36;39;38;31;33;42;34;35;19;31;41;32;32;38;24;35;38;35;36;28;31;35;38;31;30;41;35;38;31;33;42;33;33;0;
adattipus:9;0;0;0;0;0;0;0;0;0;0;0;0;0;0;0;0;0;0;0;0;0;0;0;0;0;0;0;0;0;0;0;0;0;0;0;0;0;0;0;0;0;0;0;0;0;0;0;0;0;0;0;0;0;0;0;0;0;0;0;0;0;0;0;0;0;0;0;0;0;0;0;0;0;0;0;0;0;0;0;0;0;0;0;0;0;0;0;0;0;0;0;0;0;0;0;0;0;0;0;0;0;0;0;0;0;0;0;0;0;0;0;0;0;0;0;0;0;0;0;0;0;0;0;0;0;0;0;0;0;0;0;0;0;0;0;0;0;0;0;0;0;0;0;0;0;0;0;0;0;0;0;0;0;0;0;0;0;0;0;0;0;0;0;0;0;0;0;0;0;0;0;0;0;0;0;0;0;0;0;0;0;0;0;0;0;0;0;0;0;0;0;0;0;0;0;0;0;0;0;0;0;0;0;0;0;0;0;0;0;0;0;0;0;0;0;0;0;0;0;0;0;0;0;0;0;0;0;0;0;0;0;0;0;0;0;0;0;0;0;0;0;0;0;0;0;0;0;0;0;0;0;0;0;0;0;0;
adattipus:3;52;84;79;76;83;86;89;88;78;79;82;78;68;60;62;56;44;39;23;31;28;12;1;0;19;0;7;4;2;31;7;0;0;0;19;0;14;14;17;29;35;46;51;63;64;71;79;80;79;86;89;88;87;86;83;71;81;68;58;58;65;39;30;24;20;28;11;0;0;0;19;0;3;7;3;31;0;0;4;9;18;15;22;31;36;56;45;54;67;74;74;68;83;84;88;86;73;81;81;78;71;76;65;57;48;45;40;24;28;15;6;17;3;0;3;7;8;4;9;3;0;14;0;1;12;7;22;16;35;38;45;63;52;66;76;72;71;78;89;88;88;87;92;82;79;68;63;72;60;41;38;33;38;17;18;0;0;9;0;0;0;3;17;0;0;0;0;12;0;7;19;28;39;33;46;55;56;67;73;93;89;83;79;94;103;88;82;79;79;88;70;54;50;49;54;24;23;19;12;6;0;0;0;4;1;0;7;4;2;7;0;0;10;16;17;15;33;38;35;44;56;39;39;39;32;48;33;35;34;40;47;28;36;33;33;39;31;33;41;34;30;35;48;48;47;35;31;41;44;39;33;35;44;33;34;0;
adattipus:9;0;0;83;0;0;0;0;0;0;0;0;0;0;0;0;0;0;0;0;0;0;0;0;0;0;0;0;0;0;0;0;0;0;0;0;0;0;0;0;0;0;0;0;0;0;0;0;0;0;0;0;0;0;0;0;0;0;0;0;0;0;0;0;0;0;0;0;0;0;0;0;0;0;0;0;0;0;0;0;0;0;0;0;0;0;0;0;0;0;0;0;0;0;0;0;0;0;0;0;0;0;0;0;0;0;0;0;0;0;0;0;0;0;0;0;0;0;0;0;0;0;0;0;0;0;0;0;0;0;0;0;0;0;0;0;0;0;0;0;0;0;0;0;0;0;0;0;0;0;0;0;0;0;0;0;0;0;0;0;0;0;0;0;0;0;0;0;0;0;0;0;0;0;0;0;0;0;0;0;0;0;0;0;0;0;0;0;0;0;0;0;0;0;0;0;0;0;0;0;0;0;0;0;0;0;0;0;0;0;0;0;0;0;0;0;0;0;0;0;0;0;0;0;0;0;0;0;0;0;0;0;0;0;0;0;0;0;0;0;0;0;0;0;0;0;0;0;0;0;0;0;0;0;0;0;0;
adattipus:3;28;92;74;92;79;84;86;76;86;86;81;79;81;63;63;56;40;44;37;23;16;0;4;7;0;0;3;3;0;4;28;1;0;3;0;15;13;14;18;31;48;50;51;56;70;81;65;78;86;88;96;81;85;87;86;79;60;67;63;54;52;45;33;31;17;7;18;7;2;0;0;3;5;0;0;4;19;0;7;3;12;31;27;25;33;44;64;56;57;63;76;92;76;88;86;86;103;76;82;81;69;80;59;59;49;35;46;22;24;12;4;22;0;0;1;0;38;0;0;2;1;0;0;7;7;14;20;28;28;41;46;49;48;60;67;76;79;84;96;91;88;81;88;92;70;78;67;60;54;39;35;34;25;19;12;8;6;4;0;0;6;3;1;9;0;0;1;6;0;6;15;19;27;36;39;56;56;59;68;76;76;83;86;79;94;92;83;84;81;74;68;63;56;44;63;30;28;24;7;19;12;0;1;0;12;0;3;0;0;25;0;3;7;2;25;15;24;32;36;43;24;40;29;35;36;22;32;35;34;35;24;30;32;39;31;38;39;39;35;36;39;32;39;39;31;46;39;39;38;34;46;45;31;33;36;0;
adattipus:9;0;0;70;0;0;0;0;0;0;0;0;0;0;0;0;0;0;0;0;0;0;0;0;0;0;0;0;0;0;0;0;0;0;0;0;0;0;0;0;0;0;0;0;0;0;0;0;0;0;0;0;0;0;0;0;0;0;0;0;0;0;0;0;0;0;0;0;0;0;0;0;0;0;0;0;0;0;0;0;0;0;0;0;0;0;0;0;0;0;0;0;0;0;0;0;0;0;0;0;0;0;0;0;0;0;0;0;0;0;0;0;0;0;0;0;0;0;0;0;0;0;0;0;0;0;0;0;0;0;0;0;0;0;0;0;0;0;0;0;0;0;0;0;0;0;0;0;0;0;0;0;0;0;0;0;0;0;0;0;0;0;0;0;0;0;0;0;0;0;0;0;0;0;0;0;0;0;0;0;0;0;0;0;0;0;0;0;0;0;0;0;0;0;0;0;0;0;0;0;0;0;0;0;0;0;0;0;0;0;0;0;0;0;0;0;0;0;0;0;0;0;0;0;0;0;0;0;0;0;0;0;0;0;0;0;0;0;0;0;0;0;0;0;0;0;0;0;0;0;0;0;0;0;0;0;0;
adattipus:3;47;83;83;86;80;86;96;86;79;76;79;84;63;65;56;56;54;30;35;22;14;24;0;0;15;1;3;0;3;28;1;1;0;0;24;4;16;23;28;48;39;46;58;63;63;73;79;81;82;86;84;89;86;86;78;76;71;67;62;54;49;36;35;25;14;15;12;1;0;0;5;7;0;4;6;19;7;0;0;10;25;18;26;31;39;51;36;59;67;67;74;70;82;89;88;84;81;79;83;78;71;62;68;52;51;38;27;30;22;15;14;0;1;0;0;0;0;6;0;0;0;22;0;0;4;15;38;24;28;43;52;65;51;70;71;80;85;71;88;84;83;92;72;79;71;70;68;49;50;44;38;35;14;12;16;12;0;0;0;0;0;0;8;0;0;0;1;3;7;7;21;30;31;35;57;57;61;62;63;88;81;81;86;88;103;86;76;83;78;81;65;60;51;49;41;35;30;15;12;12;0;2;0;8;16;0;0;0;0;4;0;0;9;15;11;15;33;35;39;28;31;40;33;33;38;32;46;35;35;36;35;36;36;35;35;35;35;39;33;31;48;39;33;41;30;44;35;31;36;35;39;28;31;34;35;0;
adattipus:9;0;0;0;0;0;0;0;0;0;0;0;0;0;0;0;0;0;0;0;0;0;0;0;0;0;0;0;0;0;0;0;0;0;0;0;0;0;0;0;0;0;0;0;0;0;0;0;0;0;0;0;0;0;0;0;0;0;0;0;0;0;0;0;0;0;0;0;0;0;0;0;0;0;0;0;0;0;0;0;0;0;0;0;0;0;0;0;0;0;0;0;0;0;0;0;0;0;0;0;0;0;0;0;0;0;0;0;0;0;0;0;0;0;0;0;0;0;0;0;0;0;0;0;0;0;0;0;0;0;0;0;0;0;0;0;0;0;0;0;0;0;0;0;0;0;0;0;0;0;0;0;0;0;0;0;0;0;0;0;0;0;0;0;0;0;0;0;0;0;0;0;0;0;0;0;0;0;0;0;0;0;0;0;0;0;0;0;0;0;0;0;0;0;0;0;0;0;0;0;0;0;0;0;0;0;0;0;0;0;0;0;0;0;0;0;0;0;0;0;0;0;0;0;0;0;0;0;0;0;0;0;0;0;0;0;0;0;0;0;0;0;0;0;0;0;0;0;0;0;0;0;0;0;0;0;0;
adattipus:3;31;82;70;80;71;79;78;83;100;77;87;77;76;73;57;61;59;51;41;48;27;28;23;3;15;3;0;1;0;14;7;0;0;2;24;1;5;1;17;24;19;32;44;46;57;54;67;76;79;73;82;89;91;88;78;88;88;76;71;67;52;60;44;33;35;41;7;14;7;0;10;0;0;2;0;0;0;0;0;0;0;0;14;14;24;30;46;44;44;56;63;79;71;78;80;84;93;79;86;79;77;79;70;67;64;49;51;38;31;28;22;12;0;11;0;0;3;0;3;5;7;12;24;6;3;1;4;31;15;31;36;39;65;49;59;66;72;88;76;79;79;90;81;74;94;90;89;78;65;63;54;44;38;42;28;20;3;3;20;0;0;3;0;17;0;0;3;0;0;0;7;12;25;19;24;42;41;49;57;63;79;78;79;88;81;96;92;83;79;84;81;63;67;62;71;50;25;33;30;19;12;0;7;1;0;0;0;3;0;7;2;22;0;0;8;11;25;7;28;31;38;41;25;38;31;31;48;25;35;30;30;33;24;33;35;35;32;46;30;35;39;30;42;39;41;39;36;46;43;35;31;35;44;39;38;0;
adattipus:9;0;0;71;0;0;0;0;0;0;0;0;0;0;0;0;0;0;0;0;0;0;0;0;0;0;0;0;0;0;0;0;0;0;0;0;0;0;0;0;0;0;0;0;0;0;0;0;0;0;0;0;0;0;0;0;0;0;0;0;0;0;0;0;0;0;0;0;0;0;0;0;0;0;0;0;0;0;0;0;0;0;0;0;0;0;0;0;0;0;0;0;0;0;0;0;0;0;0;0;0;0;0;0;0;0;0;0;0;0;0;0;0;0;0;0;0;0;0;0;0;0;0;0;0;0;0;0;0;0;0;0;0;0;0;0;0;0;0;0;0;0;0;0;0;0;0;0;0;0;0;0;0;0;0;0;0;0;0;0;0;0;0;0;0;0;0;0;0;0;0;0;0;0;0;0;0;0;0;0;0;0;0;0;0;0;0;0;0;0;0;0;0;0;0;0;0;0;0;0;0;0;0;0;0;0;0;0;0;0;0;0;0;0;0;0;0;0;0;0;0;0;0;0;0;0;0;0;0;0;0;0;0;0;0;0;0;0;0;0;0;0;0;0;0;0;0;0;0;0;0;0;0;0;0;0;0;
adattipus:3;31;86;76;91;95;97;95;103;81;79;79;78;70;61;57;57;49;46;36;25;7;6;22;0;0;0;7;22;0;2;0;0;1;0;0;7;0;14;17;30;36;44;48;63;59;71;79;71;82;89;84;83;79;95;86;75;71;67;70;57;44;44;38;35;24;15;7;4;0;0;0;0;1;14;0;2;0;0;0;0;7;17;19;21;20;43;48;54;62;66;73;83;78;82;86;88;88;83;84;89;73;71;60;56;56;44;41;22;25;31;2;0;0;0;7;0;3;7;3;3;0;0;3;0;7;0;16;27;32;39;57;54;62;67;70;90;79;88;83;89;105;79;83;79;75;89;56;54;56;44;56;31;38;15;12;12;0;4;0;0;9;1;24;0;0;0;0;0;3;3;23;20;24;31;42;52;54;57;62;71;76;83;79;87;79;83;88;76;77;76;70;65;48;56;48;31;27;22;25;5;0;0;0;12;0;3;0;7;20;0;1;0;0;22;2;14;24;34;46;22;37;34;35;39;24;33;31;38;39;27;31;31;36;39;20;35;33;36;33;24;36;33;31;38;27;39;30;35;39;28;35;36;34;41;25;0;
adattipus:9;0;0;79;0;0;0;0;0;0;0;0;0;0;0;0;0;0;0;0;0;0;0;0;0;0;0;0;0;0;0;0;0;0;0;0;0;0;0;0;0;0;0;0;0;0;0;0;0;0;0;0;0;0;0;0;0;0;0;0;0;0;0;0;0;0;0;0;0;0;0;0;0;0;0;0;0;0;0;0;0;0;0;0;0;0;0;0;0;0;0;0;0;0;0;0;0;0;0;0;0;0;0;0;0;0;0;0;0;0;0;0;0;0;0;0;0;0;0;0;0;0;0;0;0;0;0;0;0;0;0;0;0;0;0;0;0;0;0;0;0;0;0;0;0;0;0;0;0;0;0;0;0;0;0;0;0;0;0;0;0;0;0;0;0;0;0;0;0;0;0;0;0;0;0;0;0;0;0;0;0;0;0;0;0;0;0;0;0;0;0;0;0;0;0;0;0;0;0;0;0;0;0;0;0;0;0;0;0;0;0;0;0;0;0;0;0;0;0;0;0;0;0;0;0;0;0;0;0;0;0;0;0;0;0;0;0;0;0;0;0;0;0;0;0;0;0;0;0;0;0;0;0;0;0;0;0;
adattipus:3;31;83;73;73;78;83;81;86;89;86;88;78;76;88;67;65;56;54;56;33;30;22;24;4;14;3;0;0;1;0;0;0;6;0;0;0;4;7;1;24;35;28;38;48;63;62;63;73;76;91;83;83;88;81;103;80;76;78;71;61;47;49;48;38;25;30;19;24;4;4;15;0;0;3;3;21;0;0;0;0;19;1;6;8;28;43;31;44;51;63;62;63;78;76;81;82;81;88;83;89;78;78;75;67;62;49;54;44;31;25;19;8;7;4;0;0;22;5;0;4;7;31;0;0;0;9;0;11;36;24;31;39;48;54;56;71;67;74;78;73;88;82;89;92;71;78;71;73;56;52;56;44;39;29;18;15;17;9;20;0;1;1;0;6;36;1;0;0;0;24;6;18;22;24;41;30;49;46;63;71;57;78;80;86;79;78;88;86;86;78;71;63;64;60;45;44;39;33;27;15;24;7;1;0;0;12;4;9;1;7;20;0;0;0;3;25;7;24;28;35;44;31;39;30;35;31;35;33;38;39;30;25;38;31;39;39;35;51;32;39;30;39;39;27;32;35;39;44;24;39;32;33;33;24;39;0;
adattipus:9;0;0;76;0;0;0;0;0;0;0;0;0;0;0;0;0;0;0;0;0;0;0;0;0;0;0;0;0;0;0;0;0;0;0;0;0;0;0;0;0;0;0;0;0;0;0;0;0;0;0;0;0;0;0;0;0;0;0;0;0;0;0;0;0;0;0;0;0;0;0;0;0;0;0;0;0;0;0;0;0;0;0;0;0;0;0;0;0;0;0;0;0;0;0;0;0;0;0;0;0;0;0;0;0;0;0;0;0;0;0;0;0;0;0;0;0;0;0;0;0;0;0;0;0;0;0;0;0;0;0;0;0;0;0;0;0;0;0;0;0;0;0;0;0;0;0;0;0;0;0;0;0;0;0;0;0;0;0;0;0;0;0;0;0;0;0;0;0;0;0;0;0;0;0;0;0;0;0;0;0;0;0;0;0;0;0;0;0;0;0;0;0;0;0;0;0;0;0;0;0;0;0;0;0;0;0;0;0;0;0;0;0;0;0;0;0;0;0;0;0;0;0;0;0;0;0;0;0;0;0;0;0;0;0;0;0;0;0;0;0;0;0;0;0;0;0;0;0;0;0;0;0;0;0;0;0;
adattipus:3;17;81;71;76;79;93;86;86;86;79;83;76;75;76;68;65;51;50;39;36;28;17;14;14;7;0;0;0;1;0;7;25;2;0;0;4;12;0;11;14;27;46;38;39;56;63;78;65;77;84;78;79;73;84;84;83;86;78;70;56;60;54;49;28;27;25;18;15;1;17;0;0;0;6;26;3;0;3;0;13;0;6;17;12;43;24;33;47;50;60;52;71;78;77;88;99;92;82;89;79;81;81;71;62;60;62;48;44;32;32;32;19;6;2;0;31;0;4;0;0;30;0;0;0;0;3;0;15;20;32;36;35;49;54;63;63;65;71;79;79;82;83;88;88;79;81;89;71;65;56;49;54;28;27;21;20;15;0;1;3;0;7;0;6;0;7;0;0;24;0;0;12;15;24;27;39;41;56;60;56;71;76;82;73;86;83;83;87;79;92;76;76;63;60;65;53;32;33;24;33;19;7;7;0;25;0;0;0;3;9;0;0;3;0;1;8;17;15;36;31;33;52;56;60;60;70;76;87;84;86;78;86;88;78;77;73;78;59;59;51;54;39;28;19;4;19;2;0;0;0;18;0;7;2;6;0;
adattipus:9;0;0;65;0;0;0;0;0;0;0;0;0;0;0;0;0;0;0;0;0;0;0;0;0;0;0;0;0;0;0;0;0;0;0;0;0;0;0;0;0;0;0;0;0;0;0;0;0;0;0;0;0;0;0;0;0;0;0;0;0;0;0;0;0;0;0;0;0;0;0;0;0;0;0;0;0;0;0;0;0;0;0;0;0;0;0;0;0;0;0;0;0;0;0;0;0;0;0;0;0;0;0;0;0;0;0;0;0;0;0;0;0;0;0;0;0;0;0;0;0;0;0;0;0;0;0;0;0;0;0;0;0;0;0;0;0;0;0;0;0;0;0;0;0;0;0;0;0;0;0;0;0;0;0;0;0;0;0;0;0;0;0;0;0;0;0;0;0;0;0;0;0;0;0;0;0;0;0;0;0;0;0;0;0;0;0;0;0;0;0;0;0;0;0;0;0;0;0;0;0;0;0;0;0;0;0;0;0;0;0;0;0;0;0;0;0;0;0;0;0;0;0;0;0;0;0;0;0;0;0;0;0;0;0;0;0;0;0;0;0;0;0;0;0;0;0;0;0;0;0;0;0;0;0;0;0;
adattipus:3;39;82;67;71;67;83;82;83;96;86;80;88;81;88;74;67;57;54;70;39;44;30;19;15;6;15;1;0;0;7;25;0;4;0;0;15;0;0;7;24;44;22;46;39;46;58;52;68;76;79;78;79;88;82;82;86;80;81;73;72;59;65;51;43;39;28;27;17;13;1;4;0;2;0;6;3;6;0;1;0;0;0;19;15;25;24;36;54;50;52;57;62;88;71;78;86;83;88;71;89;79;79;76;70;63;63;52;42;39;34;28;19;15;14;7;0;0;0;22;0;3;3;10;0;0;3;2;12;12;28;19;39;44;56;51;76;71;79;79;83;92;83;91;83;81;83;76;66;66;60;47;49;41;39;24;24;19;7;3;0;0;17;0;1;6;3;34;0;0;0;0;4;2;24;28;39;35;39;56;62;62;71;89;79;83;84;89;96;92;79;76;74;86;56;61;56;44;44;22;22;14;12;0;0;0;7;0;4;2;3;0;1;1;12;7;3;12;18;44;22;34;31;35;33;28;38;38;38;28;25;34;38;30;35;48;35;35;34;33;47;44;31;31;34;54;25;30;38;31;51;24;43;31;41;34;0;
adattipus:9;0;0;62;0;0;0;0;0;0;0;0;0;0;0;0;0;0;0;0;0;0;0;0;0;0;0;0;0;0;0;0;0;0;0;0;0;0;0;0;0;0;0;0;0;0;0;0;0;0;0;0;0;0;0;0;0;0;0;0;0;0;0;0;0;0;0;0;0;0;0;0;0;0;0;0;0;0;0;0;0;0;0;0;0;0;0;0;0;0;0;0;0;0;0;0;0;0;0;0;0;0;0;0;0;0;0;0;0;0;0;0;0;0;0;0;0;0;0;0;0;0;0;0;0;0;0;0;0;0;0;0;0;0;0;0;0;0;0;0;0;0;0;0;0;0;0;0;0;0;0;0;0;0;0;0;0;0;0;0;0;0;0;0;0;0;0;0;0;0;0;0;0;0;0;0;0;0;0;0;0;0;0;0;0;0;0;0;0;0;0;0;0;0;0;0;0;0;0;0;0;0;0;0;0;0;0;0;0;0;0;0;0;0;0;0;0;0;0;0;0;0;0;0;0;0;0;0;0;0;0;0;0;0;0;0;0;0;0;0;0;0;0;0;0;0;0;0;0;0;0;0;0;0;0;0;0;
adattipus:3;28;80;76;75;82;83;94;83;79;83;78;82;73;68;56;56;54;35;35;31;26;4;3;6;0;0;0;13;0;7;3;1;22;0;7;0;0;30;3;27;33;40;48;56;59;63;73;71;79;76;88;82;79;88;79;83;75;74;76;60;57;39;41;30;31;22;12;0;0;14;0;0;0;0;16;0;3;0;0;9;0;12;24;28;30;33;51;55;51;60;78;71;77;79;84;92;83;88;79;81;75;71;62;56;56;38;44;35;27;24;9;24;2;0;0;0;26;0;1;0;0;0;0;12;4;14;20;10;34;36;45;41;65;65;68;74;83;96;88;88;83;84;100;76;71;69;70;67;47;49;44;38;31;16;10;12;7;3;0;0;1;0;4;7;3;0;0;3;12;1;12;13;28;31;33;39;56;67;60;76;94;81;83;86;89;96;75;81;76;78;74;60;54;55;42;32;30;24;24;4;9;9;0;0;0;6;15;0;0;0;0;15;0;4;13;24;30;22;39;39;31;36;31;34;39;33;32;31;38;39;31;33;44;42;31;28;39;31;25;35;36;38;28;41;42;33;38;38;49;39;39;31;35;51;44;0;
adattipus:9;0;0;74;0;0;0;0;0;0;0;0;0;0;0;0;0;0;0;0;0;0;0;0;0;0;0;0;0;0;0;0;0;0;0;0;0;0;0;0;0;0;0;0;0;0;0;0;0;0;0;0;0;0;0;0;0;0;0;0;0;0;0;0;0;0;0;0;0;0;0;0;0;0;0;0;0;0;0;0;0;0;0;0;0;0;0;0;0;0;0;0;0;0;0;0;0;0;0;0;0;0;0;0;0;0;0;0;0;0;0;0;0;0;0;0;0;0;0;0;0;0;0;0;0;0;0;0;0;0;0;0;0;0;0;0;0;0;0;0;0;0;0;0;0;0;0;0;0;0;0;0;0;0;0;0;0;0;0;0;0;0;0;0;0;0;0;0;0;0;0;0;0;0;0;0;0;0;0;0;0;0;0;0;0;0;0;0;0;0;0;0;0;0;0;0;0;0;0;0;0;0;0;0;0;0;0;0;0;0;0;0;0;0;0;0;0;0;0;0;0;0;0;0;0;0;0;0;0;0;0;0;0;0;0;0;0;0;0;0;0;0;0;0;0;0;0;0;0;0;0;0;0;0;0;0;0;
adattipus:3;28;80;79;79;87;83;99;79;86;83;76;92;63;63;48;52;54;24;28;22;19;1;0;5;0;0;3;0;10;22;4;0;0;3;1;0;8;28;28;35;38;51;54;56;65;71;78;80;80;79;96;89;82;81;79;96;62;58;60;49;38;30;30;28;18;13;12;0;0;0;7;9;4;2;0;0;0;0;0;6;12;14;35;31;41;39;56;78;65;68;76;83;88;71;86;82;79;88;70;79;71;70;60;51;52;38;30;19;33;14;3;4;0;14;0;3;0;0;7;0;3;0;0;11;12;22;24;35;33;44;48;51;65;68;71;78;79;88;83;81;89;88;81;70;76;76;60;57;49;47;49;28;24;15;12;0;0;0;0;0;1;24;3;3;0;0;20;0;7;14;19;31;24;44;44;52;62;66;73;71;83;78;95;88;74;86;83;78;71;71;67;52;54;37;48;35;24;24;6;24;0;0;0;0;26;0;0;0;0;0;0;8;6;14;20;38;38;36;31;28;39;34;31;36;35;34;31;35;41;33;30;39;38;30;31;39;47;32;36;31;36;28;33;31;31;38;30;46;31;39;38;31;50;33;35;0;
adattipus:9;0;0;80;0;0;0;0;0;0;0;0;0;0;0;0;0;0;0;0;0;0;0;0;0;0;0;0;0;0;0;0;0;0;0;0;0;0;0;0;0;0;0;0;0;0;0;0;0;0;0;0;0;0;0;0;0;0;0;0;0;0;0;0;0;0;0;0;0;0;0;0;0;0;0;0;0;0;0;0;0;0;0;0;0;0;0;0;0;0;0;0;0;0;0;0;0;0;0;0;0;0;0;0;0;0;0;0;0;0;0;0;0;0;0;0;0;0;0;0;0;0;0;0;0;0;0;0;0;0;0;0;0;0;0;0;0;0;0;0;0;0;0;0;0;0;0;0;0;0;0;0;0;0;0;0;0;0;0;0;0;0;0;0;0;0;0;0;0;0;0;0;0;0;0;0;0;0;0;0;0;0;0;0;0;0;0;0;0;0;0;0;0;0;0;0;0;0;0;0;0;0;0;0;0;0;0;0;0;0;0;0;0;0;0;0;0;0;0;0;0;0;0;0;0;0;0;0;0;0;0;0;0;0;0;0;0;0;0;0;0;0;0;0;0;0;0;0;0;0;0;0;0;0;0;0;0;
adattipus:3;30;83;76;89;88;84;89;84;99;86;83;79;71;67;63;56;44;35;33;20;31;15;14;0;6;6;0;2;1;0;6;0;0;0;0;6;0;20;28;30;38;60;54;62;65;63;79;76;81;86;79;86;79;84;83;76;65;75;67;55;49;44;55;24;20;12;7;0;0;1;0;7;0;6;1;2;3;1;22;0;8;15;22;34;24;44;44;54;61;65;70;74;79;78;88;89;88;81;86;88;75;71;63;65;48;43;35;31;25;15;17;3;3;0;0;16;7;0;11;3;0;0;0;7;0;12;28;24;33;38;44;61;57;59;67;74;96;68;77;88;82;83;78;88;76;76;67;71;60;46;41;28;37;12;13;14;2;0;0;7;0;4;2;12;6;2;1;0;8;6;15;24;31;30;44;51;56;65;68;73;70;88;86;89;81;89;97;76;78;71;76;76;51;51;44;38;28;7;14;17;1;0;0;7;0;0;3;10;0;0;6;0;3;7;8;22;25;34;38;39;31;33;39;50;31;28;39;38;30;24;36;36;37;38;46;38;35;31;30;49;31;30;35;34;47;17;35;34;31;38;33;42;31;39;33;0;
adattipus:9;0;0;0;0;0;0;0;0;0;0;0;0;0;0;0;0;0;0;0;0;0;0;0;0;0;0;0;0;0;0;0;0;0;0;0;0;0;0;0;0;0;0;0;0;0;0;0;0;0;0;0;0;0;0;0;0;0;0;0;0;0;0;0;0;0;0;0;0;0;0;0;0;0;0;0;0;0;0;0;0;0;0;0;0;0;0;0;0;0;0;0;0;0;0;0;0;0;0;0;0;0;0;0;0;0;0;0;0;0;0;0;0;0;0;0;0;0;0;0;0;0;0;0;0;0;0;0;0;0;0;0;0;0;0;0;0;0;0;0;0;0;0;0;0;0;0;0;0;0;0;0;0;0;0;0;0;0;0;0;0;0;0;0;0;0;0;0;0;0;0;0;0;0;0;0;0;0;0;0;0;0;0;0;0;0;0;0;0;0;0;0;0;0;0;0;0;0;0;0;0;0;0;0;0;0;0;0;0;0;0;0;0;0;0;0;0;0;0;0;0;0;0;0;0;0;0;0;0;0;0;0;0;0;0;0;0;0;0;0;0;0;0;0;0;0;0;0;0;0;0;0;0;0;0;0;0;
adattipus:3;33;83;73;86;73;78;83;86;96;89;83;76;76;71;63;62;56;57;24;38;24;22;17;0;0;0;0;1;24;9;7;0;3;0;6;0;7;2;30;25;30;29;45;48;48;60;71;78;76;84;86;84;87;92;98;86;78;72;62;79;47;48;43;33;25;15;12;15;4;0;0;5;0;7;5;16;0;0;0;0;24;0;7;17;25;39;33;44;60;60;65;71;83;76;86;86;89;83;79;88;75;76;71;81;56;52;39;51;28;18;10;15;0;0;0;4;0;7;0;22;6;0;2;3;3;7;12;24;24;31;31;47;56;62;61;83;73;80;82;90;102;86;83;86;81;83;65;70;60;56;48;28;35;31;19;13;17;0;0;0;0;14;5;0;3;0;0;0;8;4;16;13;17;33;41;41;52;60;66;67;67;76;88;76;86;88;82;76;71;75;76;71;60;67;52;39;38;30;34;24;7;0;3;0;0;1;0;1;3;5;6;4;0;15;24;11;12;28;37;48;30;39;28;36;35;24;38;35;28;35;56;35;24;38;39;35;31;34;35;29;39;51;49;35;34;29;39;49;28;35;38;30;35;24;39;0;
adattipus:9;0;0;0;0;0;0;0;0;0;0;0;0;0;0;0;0;0;0;0;0;0;0;0;0;0;0;0;0;0;0;0;0;0;0;0;0;0;0;0;0;0;0;0;0;0;0;0;0;0;0;0;0;0;0;0;0;0;0;0;0;0;0;0;0;0;0;0;0;0;0;0;0;0;0;0;0;0;0;0;0;0;0;0;0;0;0;0;0;0;0;0;0;0;0;0;0;0;0;0;0;0;0;0;0;0;0;0;0;0;0;0;0;0;0;0;0;0;0;0;0;0;0;0;0;0;0;0;0;0;0;0;0;0;0;0;0;0;0;0;0;0;0;0;0;0;0;0;0;0;0;0;0;0;0;0;0;0;0;0;0;0;0;0;0;0;0;0;0;0;0;0;0;0;0;0;0;0;0;0;0;0;0;0;0;0;0;0;0;0;0;0;0;0;0;0;0;0;0;0;0;0;0;0;0;0;0;0;0;0;0;0;0;0;0;0;0;0;0;0;0;0;0;0;0;0;0;0;0;0;0;0;0;0;0;0;0;0;0;0;0;0;0;0;0;0;0;0;0;0;0;0;0;0;0;0;0;
adattipus:3;35;83;78;76;73;88;84;81;83;79;78;81;68;81;63;54;49;48;49;26;29;9;15;7;0;0;6;4;20;0;2;3;0;0;0;3;7;19;9;25;33;36;46;56;60;67;65;73;80;82;78;88;84;88;82;68;79;71;63;60;70;44;43;30;27;31;15;0;7;0;0;0;0;5;2;0;9;0;0;0;1;22;18;26;24;39;56;41;56;70;63;81;66;79;86;102;88;99;93;80;76;68;79;61;60;54;39;35;31;31;15;11;0;0;0;0;1;1;3;0;17;0;0;0;1;17;10;18;28;35;44;38;60;58;70;71;75;78;81;82;83;100;87;87;76;78;87;61;57;56;47;44;24;16;20;15;0;1;1;0;7;0;19;3;1;0;7;15;0;3;12;7;30;16;41;46;51;51;63;68;75;83;78;89;84;83;84;92;73;71;68;67;61;56;39;46;33;25;22;3;14;0;0;0;24;0;7;0;7;7;0;0;7;0;7;6;20;27;31;35;31;47;30;41;31;44;36;38;30;39;30;28;33;38;39;34;44;36;36;32;35;33;35;48;42;30;31;31;34;30;39;28;35;25;39;0;
adattipus:9;0;0;0;0;0;0;0;0;0;0;0;0;0;0;0;0;0;0;0;0;0;0;0;0;0;0;0;0;0;0;0;0;0;0;0;0;0;0;0;0;0;0;0;0;0;0;0;0;0;0;0;0;0;0;0;0;0;0;0;0;0;0;0;0;0;0;0;0;0;0;0;0;0;0;0;0;0;0;0;0;0;0;0;0;0;0;0;0;0;0;0;0;0;0;0;0;0;0;0;0;0;0;0;0;0;0;0;0;0;0;0;0;0;0;0;0;0;0;0;0;0;0;0;0;0;0;0;0;0;0;0;0;0;0;0;0;0;0;0;0;0;0;0;0;0;0;0;0;0;0;0;0;0;0;0;0;0;0;0;0;0;0;0;0;0;0;0;0;0;0;0;0;0;0;0;0;0;0;0;0;0;0;0;0;0;0;0;0;0;0;0;0;0;0;0;0;0;0;0;0;0;0;0;0;0;0;0;0;0;0;0;0;0;0;0;0;0;0;0;0;0;0;0;0;0;0;0;0;0;0;0;0;0;0;0;0;0;0;0;0;0;0;0;0;0;0;0;0;0;0;0;0;0;0;0;0;
